{"w": 319, "species": "ALB", "selections": [{"tail": {"x": 48.07213706041479, "y": 369.02434625789004}, "head": {"x": 93.31650135256989, "y": 13.785392245266006}, "rect": {"x": 30, "y": 53, "h": 392, "w": 122}}, {"tail": {"x": 130.10278113663847, "y": 18.935912938331317}, "head": {"x": 18.282950423216445, "y": 17.629987908101572}, "rect": {"x": 184, "y": 336, "h": 50, "w": 135}}], "h": 480, "file": "imagenet_00874.jpg"}