{"w": 332, "species": "ALB", "selections": [{"tail": {"x": 41.54059040590406, "y": 206.65129151291515}, "head": {"x": 258.1826568265683, "y": 17.878228782287824}, "rect": {"x": 32, "y": 117, "h": 268, "w": 285}}], "h": 500, "file": "imagenet_00817.jpg"}