{"w": 371, "species": "ALB", "selections": [{"tail": {"x": 25.184851217312897, "y": 33.40306582506763}, "head": {"x": 82.18214607754734, "y": 275.97294860234445}, "rect": {"x": 129, "y": 105, "h": 294, "w": 105}}], "h": 500, "file": "imagenet_00534.jpg"}