{"w": 417, "species": "ALB", "selections": [{"tail": {"x": 54.908926961226335, "y": 40.19477006311993}, "head": {"x": 71.77637511271416, "y": 386.87466185752936}, "rect": {"x": 65, "y": 89, "h": 398, "w": 118}}, {"tail": {"x": 36.3570784490532, "y": 28.241659152389538}, "head": {"x": 54.860234445446345, "y": 349.93688007213706}, "rect": {"x": 170, "y": 127, "h": 360, "w": 120}}], "h": 500, "file": "imagenet_00728.jpg"}