{"w": 500, "species": "ALB", "selections": [{"tail": {"x": 38.845018450184504, "y": 289.32841328413286}, "head": {"x": 237.98154981549817, "y": 17.85977859778598}, "rect": {"x": 258, "y": 18, "h": 322, "w": 242}}, {"tail": {"x": 111.25461254612546, "y": 10.878228782287824}, "head": {"x": 18.29520295202952, "y": 258.60516605166055}, "rect": {"x": 161, "y": 3, "h": 270, "w": 134}}, {"tail": {"x": 53.20649233543733, "y": 25.28043282236249}, "head": {"x": 114.93778178539225, "y": 319.5329125338142}, "rect": {"x": 24, "y": 49, "h": 326, "w": 149}}], "h": 375, "file": "imagenet_00487.jpg"}