{"w": 520, "species": "ALB", "selections": [{"tail": {"x": 307.41143911439116, "y": 168.7749077490775}, "head": {"x": 8.706642066420665, "y": 49.56088560885609}, "rect": {"x": 5, "y": 23, "h": 205, "w": 363}}], "h": 272, "file": "imagenet_00917.jpg"}