{"w": 500, "species": "ALB", "selections": [{"tail": {"x": 210.0511073253833, "y": 207.2504258943782}, "head": {"x": 40.6098807495741, "y": 21.938671209540033}, "rect": {"x": 117, "y": 41, "h": 245, "w": 274}}], "h": 333, "file": "imagenet_00511.jpg"}