{"w": 500, "species": "ALB", "selections": [{"tail": {"x": 39.48540145985401, "y": 56.892944038929436}, "head": {"x": 325.2238442822384, "y": 192.7566909975669}, "rect": {"x": 23, "y": 79, "h": 224, "w": 349}}], "h": 332, "file": "imagenet_00727.jpg"}