{"w": 500, "species": "ALB", "selections": [{"tail": {"x": 21.246958637469586, "y": 84.98783454987834}, "head": {"x": 488.68004866180047, "y": 72.23965936739658}, "rect": {"x": 1, "y": 132, "h": 153, "w": 499}}], "h": 375, "file": "imagenet_00731.jpg"}