{"w": 375, "species": "ALB", "selections": [{"tail": {"x": 247.529203539823, "y": 46.56991150442477}, "head": {"x": 33.408849557522124, "y": 102.25132743362832}, "rect": {"x": 21, "y": 236, "h": 137, "w": 286}}], "h": 500, "file": "imagenet_00645.jpg"}