{"w": 400, "species": "ALB", "selections": [{"tail": {"x": 23.575221238938052, "y": 39.29203539823009}, "head": {"x": 349.04424778761063, "y": 98.23008849557523}, "rect": {"x": 11, "y": 80, "h": 141, "w": 370}}], "h": 300, "file": "imagenet_00594.jpg"}