{"w": 500, "species": "ALB", "selections": [{"tail": {"x": 30.405904059040587, "y": 61.571955719557195}, "head": {"x": 361.830258302583, "y": 76.77490774907749}, "rect": {"x": 56, "y": 134, "h": 135, "w": 412}}], "h": 336, "file": "imagenet_00491.jpg"}