{"w": 500, "species": "ALB", "selections": [{"tail": {"x": 454.44633730834755, "y": 193.73764906303236}, "head": {"x": 37.47189097103918, "y": 170.61669505962521}, "rect": {"x": 32, "y": 34, "h": 289, "w": 468}}], "h": 375, "file": "imagenet_00455.jpg"}