{"w": 400, "species": "ALB", "selections": [{"tail": {"x": 8.057195571955718, "y": 93.0239852398524}, "head": {"x": 386.7453874538745, "y": 127.450184501845}, "rect": {"x": 3, "y": 6, "h": 178, "w": 397}}], "h": 208, "file": "imagenet_00863.jpg"}