{"w": 500, "species": "ALB", "selections": [{"tail": {"x": 25.571955719557195, "y": 80.3690036900369}, "head": {"x": 474.9077490774908, "y": 94.98154981549816}, "rect": {"x": 0, "y": 111, "h": 147, "w": 495}}], "h": 375, "file": "imagenet_00759.jpg"}