{"w": 418, "species": "ALB", "selections": [{"species": "DOL", "tail": {"x": 36.507859733978236, "y": 144.71584038694076}, "head": {"x": 250.29262394195888, "y": 19.40507859733978}, "rect": {"x": 0, "y": 37, "h": 191, "w": 272}}], "h": 315, "file": "imagenet_00893.jpg"}