{"w": 500, "species": "ALB", "selections": [{"tail": {"x": 182.25788999098287, "y": 63.39404869251578}, "head": {"x": 42.66907123534716, "y": 332.20919747520287}, "rect": {"x": 100, "y": 31, "h": 338, "w": 245}}], "h": 375, "file": "imagenet_00752.jpg"}