{"w": 500, "species": "ALB", "selections": [{"species": "DOL", "tail": {"x": 109.2619926199262, "y": 279.13837638376384}, "head": {"x": 33.55904059040591, "y": 27.575645756457565}, "rect": {"x": 61, "y": 87, "h": 288, "w": 141}}], "h": 375, "file": "imagenet_00475.jpg"}