{"w": 500, "species": "ALB", "selections": [{"tail": {"x": 44.14206642066421, "y": 68.21955719557197}, "head": {"x": 398.08118081180817, "y": 77.0479704797048}, "rect": {"x": 33, "y": 102, "h": 132, "w": 435}}], "h": 334, "file": "imagenet_00501.jpg"}