{"w": 500, "species": "ALB", "selections": [{"tail": {"x": 14.612546125461256, "y": 63.929889298892995}, "head": {"x": 476.7343173431735, "y": 157.0848708487085}, "rect": {"x": 5, "y": 94, "h": 223, "w": 495}}], "h": 333, "file": "imagenet_00815.jpg"}