{"w": 375, "species": "ALB", "selections": [{"tail": {"x": 27.900811541929667, "y": 358.9215509467989}, "head": {"x": 44.09017132551848, "y": 17.56717763751127}, "rect": {"x": 191, "y": 40, "h": 382, "w": 88}}], "h": 500, "file": "imagenet_00570.jpg"}