{"w": 375, "species": "ALB", "selections": [{"tail": {"x": 70.56807935076647, "y": 445.9738503155997}, "head": {"x": 48.00270513976556, "y": 16.411181244364293}, "rect": {"x": 137, "y": 45, "h": 455, "w": 126}}], "h": 500, "file": "imagenet_00873.jpg"}