{"w": 200, "species": "ALB", "selections": [{"tail": {"x": 27.61496844003607, "y": 50.81154192966637}, "head": {"x": 60.97385031559964, "y": 240.36068530207396}, "rect": {"x": 54, "y": 27, "h": 245, "w": 90}}, {"tail": {"x": 41.66726780883679, "y": 19.747520288548245}, "head": {"x": 27.054102795311092, "y": 208.33633904418397}, "rect": {"x": 112, "y": 53, "h": 219, "w": 85}}], "h": 272, "file": "imagenet_00637.jpg"}