{"w": 500, "species": "ALB", "selections": [{"tail": {"x": 43.12361623616236, "y": 88.88745387453874}, "head": {"x": 457.63837638376384, "y": 37.843173431734314}, "rect": {"x": 10, "y": 165, "h": 132, "w": 477}}], "h": 375, "file": "imagenet_00461.jpg"}