{"w": 500, "species": "ALB", "selections": [{"tail": {"x": 99.8603066439523, "y": 291.9965928449745}, "head": {"x": 283.7802385008518, "y": 30.96933560477002}, "rect": {"x": 79, "y": 6, "h": 318, "w": 371}}], "h": 333, "file": "imagenet_00643.jpg"}