{"w": 484, "species": "ALB", "selections": [{"tail": {"x": 73.74211000901713, "y": 342.03787195671777}, "head": {"x": 89.43192064923355, "y": 34.517583408476106}, "rect": {"x": 201, "y": 9, "h": 348, "w": 149}}], "h": 357, "file": "imagenet_00926.jpg"}