{"w": 500, "species": "ALB", "selections": [{"tail": {"x": 409.6897810218978, "y": 226.33211678832117}, "head": {"x": 16.043795620437955, "y": 20.62773722627737}, "rect": {"x": 29, "y": 47, "h": 303, "w": 471}}], "h": 375, "file": "imagenet_00680.jpg"}