{"w": 360, "species": "ALB", "selections": [{"tail": {"x": 24.048661800486617, "y": 141.71532846715328}, "head": {"x": 344.4111922141119, "y": 25.766423357664234}, "rect": {"x": 0, "y": 102, "h": 170, "w": 353}}], "h": 297, "file": "imagenet_00735.jpg"}