{"w": 375, "species": "ALB", "selections": [{"tail": {"x": 51.85933273219116, "y": 55.141568981064026}, "head": {"x": 84.02524797114518, "y": 357.43552750225433}, "rect": {"x": 104, "y": 94, "h": 364, "w": 137}}, {"tail": {"x": 174.4283185840708, "y": 40.860176991150446}, "head": {"x": 30.559292035398233, "y": 127.04424778761063}, "rect": {"x": 181, "y": 352, "h": 138, "w": 194}}], "h": 500, "file": "imagenet_00623.jpg"}