{"w": 500, "species": "ALB", "selections": [{"tail": {"x": 30.280210157618217, "y": 126.47810858143609}, "head": {"x": 106.67950963222418, "y": 15.373029772329248}, "rect": {"x": 210, "y": 66, "h": 159, "w": 133}}], "h": 333, "file": "imagenet_00708.jpg"}