{"w": 600, "species": "ALB", "selections": [{"tail": {"x": 427.1946795646916, "y": 156.42079806529625}, "head": {"x": 47.40024183796856, "y": 36.73518742442563}, "rect": {"x": 51, "y": 115, "h": 247, "w": 490}}], "h": 450, "file": "imagenet_00891.jpg"}