{"w": 500, "species": "ALB", "selections": [{"tail": {"x": 229.10683012259193, "y": 311.08581436077054}, "head": {"x": 115.63922942206655, "y": 13.572679509632223}, "rect": {"x": 12, "y": 1, "h": 332, "w": 310}}], "h": 333, "file": "imagenet_00709.jpg"}