{"w": 260, "species": "ALB", "selections": [{"tail": {"x": 175.5461254612546, "y": 205.15129151291512}, "head": {"x": 18.763837638376383, "y": 5.4206642066420665}, "rect": {"x": 16, "y": 4, "h": 219, "w": 226}}], "h": 223, "file": "imagenet_00914.jpg"}