{"w": 512, "species": "ALB", "selections": [{"tail": {"x": 43.53083434099154, "y": 53.869407496977026}, "head": {"x": 426.05804111245465, "y": 105.01813784764208}, "rect": {"x": 27, "y": 86, "h": 148, "w": 450}}], "h": 384, "file": "imagenet_00864.jpg"}