{"w": 500, "species": "ALB", "selections": [{"tail": {"x": 0.9169741697416974, "y": 135.71217712177122}, "head": {"x": 495.1660516605166, "y": 121.04059040590406}, "rect": {"x": 3, "y": 136, "h": 197, "w": 497}}], "h": 333, "file": "imagenet_00747.jpg"}