{"w": 500, "species": "ALB", "selections": [{"tail": {"x": 9.387610619469028, "y": 71.97168141592921}, "head": {"x": 417.74867256637174, "y": 334.0424778761062}, "rect": {"x": 0, "y": 0, "h": 386, "w": 442}}], "h": 429, "file": "imagenet_00631.jpg"}