{"w": 500, "species": "ALB", "selections": [{"tail": {"x": 122.65076660988076, "y": 162.60306643952302}, "head": {"x": 19.836456558773424, "y": 13.131175468483816}, "rect": {"x": 164, "y": 34, "h": 210, "w": 164}}], "h": 333, "file": "imagenet_00641.jpg"}