{"w": 375, "species": "ALB", "selections": [{"tail": {"x": 68.29125338142471, "y": 36.15419296663661}, "head": {"x": 37.980162308385935, "y": 389.6618575293057}, "rect": {"x": 140, "y": 59, "h": 405, "w": 101}}], "h": 500, "file": "imagenet_00521.jpg"}