{"w": 500, "species": "ALB", "selections": [{"tail": {"x": 18.79151291512915, "y": 96.64206642066421}, "head": {"x": 467.1033210332103, "y": 85.00922509225092}, "rect": {"x": 0, "y": 107, "h": 220, "w": 485}}], "h": 375, "file": "imagenet_00769.jpg"}