{"w": 353, "species": "ALB", "selections": [{"tail": {"x": 78.68710550045085, "y": 49.861136158701534}, "head": {"x": 97.77457168620379, "y": 417.97655545536514}, "rect": {"x": 36, "y": 21, "h": 432, "w": 163}}], "h": 504, "file": "imagenet_00930.jpg"}