{"w": 450, "species": "ALB", "selections": [{"tail": {"x": 307.29151291512915, "y": 131.09225092250924}, "head": {"x": 14.095940959409594, "y": 30.30627306273063}, "rect": {"x": 10, "y": 78, "h": 174, "w": 382}}], "h": 300, "file": "imagenet_00425.jpg"}