{"w": 500, "species": "ALB", "selections": [{"tail": {"x": 32.442477876106196, "y": 60.743362831858406}, "head": {"x": 347.89380530973455, "y": 49.008849557522126}, "rect": {"x": 16, "y": 153, "h": 97, "w": 390}}], "h": 375, "file": "imagenet_00598.jpg"}