{"w": 347, "species": "ALB", "selections": [{"tail": {"x": 70.52299368800722, "y": 459.2921550946799}, "head": {"x": 54.90081154192967, "y": 4.017132551848512}, "rect": {"x": 199, "y": 5, "h": 495, "w": 115}}], "h": 500, "file": "imagenet_00732.jpg"}