{"w": 500, "species": "ALB", "selections": [{"tail": {"x": 37.16814159292036, "y": 14.123893805309734}, "head": {"x": 13.380530973451327, "y": 93.81238938053097}, "rect": {"x": 196, "y": 112, "h": 120, "w": 84}}], "h": 375, "file": "imagenet_00602.jpg"}