{"w": 480, "species": "ALB", "selections": [{"tail": {"x": 107.17944093778179, "y": 569.7159603246167}, "head": {"x": 80.1244364292155, "y": 28.615870153291254}, "rect": {"x": 191, "y": 63, "h": 577, "w": 190}}], "h": 640, "file": "imagenet_00866.jpg"}