{"w": 450, "species": "ALB", "selections": [{"tail": {"x": 59.306273062730625, "y": 56.413284132841326}, "head": {"x": 382.59778597785976, "y": 38.33210332103321}, "rect": {"x": 21, "y": 142, "h": 101, "w": 392}}], "h": 300, "file": "imagenet_00489.jpg"}