{"w": 500, "species": "ALB", "selections": [{"tail": {"x": 31.066439522998298, "y": 95.51277683134583}, "head": {"x": 162.2725724020443, "y": 27.100511073253834}, "rect": {"x": 191, "y": 73, "h": 122, "w": 194}}], "h": 328, "file": "imagenet_00448.jpg"}