{"w": 500, "species": "ALB", "selections": [{"tail": {"x": 449.3357933579336, "y": 65.35793357933579}, "head": {"x": 45.38745387453875, "y": 139.79335793357933}, "rect": {"x": 8, "y": 11, "h": 237, "w": 492}}], "h": 375, "file": "imagenet_00797.jpg"}