{"w": 500, "species": "ALB", "selections": [{"tail": {"x": 17.253676470588236, "y": 77.1875}, "head": {"x": 482.19485294117646, "y": 103.52205882352942}, "rect": {"x": 6, "y": 71, "h": 155, "w": 494}}], "h": 226, "file": "imagenet_00506.jpg"}