{"w": 336, "species": "ALB", "selections": [{"tail": {"x": 264.8191881918819, "y": 6.575645756457564}, "head": {"x": 61.571955719557195, "y": 477.63099630996305}, "rect": {"x": 12, "y": 0, "h": 488, "w": 324}}], "h": 500, "file": "imagenet_00756.jpg"}