{"w": 500, "species": "ALB", "selections": [{"tail": {"x": 29.41219963031423, "y": 58.007393715341955}, "head": {"x": 431.3789279112754, "y": 29.41219963031423}, "rect": {"x": 10, "y": 119, "h": 127, "w": 442}}], "h": 375, "file": "imagenet_00518.jpg"}