{"w": 500, "species": "ALB", "selections": [{"tail": {"x": 300.63653136531366, "y": 66.15313653136532}, "head": {"x": 45.84870848708487, "y": 331.4206642066421}, "rect": {"x": 133, "y": 5, "h": 352, "w": 355}}], "h": 375, "file": "imagenet_00822.jpg"}