{"w": 500, "species": "ALB", "selections": [{"tail": {"x": 440.49557522123894, "y": 113.14690265486725}, "head": {"x": 5.182300884955752, "y": 133.01238938053098}, "rect": {"x": 8, "y": 74, "h": 252, "w": 488}}], "h": 356, "file": "imagenet_00627.jpg"}