{"w": 374, "species": "ALB", "selections": [{"tail": {"x": 104.51397655545537, "y": 78.16591523895401}, "head": {"x": 72.89630297565374, "y": 475.58250676284945}, "rect": {"x": 125, "y": 13, "h": 487, "w": 209}}], "h": 500, "file": "imagenet_00435.jpg"}