{"w": 400, "species": "ALB", "selections": [{"tail": {"x": 49.21771217712177, "y": 183.27121771217713}, "head": {"x": 340.63837638376384, "y": 14.247232472324724}, "rect": {"x": 46, "y": 11, "h": 214, "w": 351}}], "h": 236, "file": "imagenet_00870.jpg"}