{"w": 375, "species": "ALB", "selections": [{"tail": {"x": 71.42651036970244, "y": 50.72317403065825}, "head": {"x": 88.50676284941389, "y": 277.165915238954}, "rect": {"x": 124, "y": 194, "h": 287, "w": 164}}], "h": 500, "file": "imagenet_00656.jpg"}