{"w": 500, "species": "ALB", "selections": [{"tail": {"x": 164.73204903677757, "y": 16.02451838879159}, "head": {"x": 162.1681260945709, "y": 338.43782837127844}, "rect": {"x": 3, "y": 2, "h": 351, "w": 366}}], "h": 353, "file": "imagenet_00677.jpg"}