{"w": 484, "species": "ALB", "selections": [{"tail": {"x": 88.64382326420198, "y": 34.744815148782685}, "head": {"x": 67.70784490532012, "y": 479.30027051397656}, "rect": {"x": 160, "y": 1, "h": 494, "w": 185}}], "h": 500, "file": "imagenet_00812.jpg"}