{"w": 778, "species": "ALB", "selections": [{"tail": {"x": 10.778751369112815, "y": 121.05366922234391}, "head": {"x": 728.8094194961665, "y": 133.4906900328587}, "rect": {"x": 7, "y": 136, "h": 248, "w": 757}}], "h": 583, "file": "imagenet_00920.jpg"}