{"w": 254, "species": "ALB", "selections": [{"tail": {"x": 34.2795311091073, "y": 16.36068530207394}, "head": {"x": 27.2678088367899, "y": 212.4941388638413}, "rect": {"x": 177, "y": 54, "h": 216, "w": 68}}, {"tail": {"x": 38.07394048692516, "y": 32.76555455365194}, "head": {"x": 40.45356176735798, "y": 199.70513976555455}, "rect": {"x": 108, "y": 67, "h": 203, "w": 68}}, {"tail": {"x": 24.10279531109107, "y": 12.319206492335438}, "head": {"x": 32.3155996393147, "y": 189.78719567177637}, "rect": {"x": 22, "y": 72, "h": 198, "w": 62}}], "h": 270, "file": "imagenet_00423.jpg"}