{"w": 500, "species": "ALB", "selections": [{"species": "DOL", "tail": {"x": 62.50922509225092, "y": 87.37084870848709}, "head": {"x": 354.45571955719555, "y": 116.49446494464945}, "rect": {"x": 47, "y": 135, "h": 180, "w": 385}}], "h": 375, "file": "imagenet_00805.jpg"}