{"w": 500, "species": "ALB", "selections": [{"tail": {"x": 13.795620437956204, "y": 25.29197080291971}, "head": {"x": 188.79562043795622, "y": 126.71532846715328}, "rect": {"x": 231, "y": 76, "h": 147, "w": 210}}, {"tail": {"x": 267.014598540146, "y": 124.91240875912408}, "head": {"x": 28.64963503649635, "y": 19.86374695863747}, "rect": {"x": 31, "y": 108, "h": 160, "w": 314}}], "h": 322, "file": "imagenet_00725.jpg"}