{"w": 500, "species": "ALB", "selections": [{"tail": {"x": 459.7029520295203, "y": 59.09225092250923}, "head": {"x": 39.10516605166052, "y": 64.30627306273063}, "rect": {"x": 29, "y": 129, "h": 143, "w": 471}}], "h": 282, "file": "imagenet_00503.jpg"}