{"w": 400, "species": "ALB", "selections": [{"tail": {"x": 330.9552599758162, "y": 53.42563482466747}, "head": {"x": 14.183796856106408, "y": 64.77267230955259}, "rect": {"x": 9, "y": 95, "h": 117, "w": 391}}], "h": 300, "file": "imagenet_00787.jpg"}