{"w": 375, "species": "ALB", "selections": [{"tail": {"x": 65.15058611361586, "y": 418.25067628494133}, "head": {"x": 130.70333633904417, "y": 19.706041478809738}, "rect": {"x": 76, "y": 54, "h": 446, "w": 193}}], "h": 500, "file": "imagenet_00569.jpg"}