{"w": 375, "species": "ALB", "selections": [{"tail": {"x": 91.69372693726937, "y": 342.2988929889299}, "head": {"x": 89.50184501845018, "y": 56.988929889298895}, "rect": {"x": 77, "y": 140, "h": 360, "w": 198}}], "h": 500, "file": "imagenet_00476.jpg"}