{"w": 500, "species": "ALB", "selections": [{"tail": {"x": 27.08637469586375, "y": 24.42214111922141}, "head": {"x": 338.80170316301707, "y": 145.6447688564477}, "rect": {"x": 56, "y": 98, "h": 169, "w": 365}}], "h": 400, "file": "imagenet_00734.jpg"}