{"w": 500, "species": "ALB", "selections": [{"tail": {"x": 38.36519386834986, "y": 270.2669071235347}, "head": {"x": 25.413886384129846, "y": 21.50405770964833}, "rect": {"x": 283, "y": 104, "h": 271, "w": 76}}], "h": 375, "file": "imagenet_00469.jpg"}