{"w": 640, "species": "ALB", "selections": [{"tail": {"x": 0, "y": 287.2029520295203}, "head": {"x": 512.280442804428, "y": 27.498154981549813}, "rect": {"x": 0, "y": 80, "h": 316, "w": 552}}], "h": 480, "file": "imagenet_00859.jpg"}