{"w": 375, "species": "ALB", "selections": [{"tail": {"x": 76.1965734896303, "y": 43.66997294860234}, "head": {"x": 110.83137962128043, "y": 318.94138863841295}, "rect": {"x": 16, "y": 104, "h": 334, "w": 192}}], "h": 500, "file": "imagenet_00653.jpg"}