{"w": 500, "species": "ALB", "selections": [{"tail": {"x": 221.06287787182586, "y": 126.66868198307134}, "head": {"x": 26.374848851269647, "y": 22.90447400241838}, "rect": {"x": 163, "y": 140, "h": 166, "w": 287}}], "h": 334, "file": "imagenet_00768.jpg"}