{"w": 375, "species": "ALB", "selections": [{"tail": {"x": 44.553651938683494, "y": 17.04238052299369}, "head": {"x": 14.36429215509468, "y": 248.81875563570784}, "rect": {"x": 243, "y": 114, "h": 270, "w": 71}}], "h": 500, "file": "imagenet_00600.jpg"}