{"w": 500, "species": "ALB", "selections": [{"tail": {"x": 284.34750462107206, "y": 60.62846580406654}, "head": {"x": 18.188539741219962, "y": 272.2218114602588}, "rect": {"x": 85, "y": 13, "h": 300, "w": 328}}], "h": 375, "file": "imagenet_00526.jpg"}