{"w": 576, "species": "ALB", "selections": [{"tail": {"x": 150.0180342651037, "y": 589.1929666366095}, "head": {"x": 48.097385031559966, "y": 54.39585211902615}, "rect": {"x": 326, "y": 133, "h": 635, "w": 198}}], "h": 768, "file": "imagenet_00852.jpg"}