{"w": 500, "species": "ALB", "selections": [{"tail": {"x": 51.027811366384526, "y": 136.24425634824667}, "head": {"x": 405.1608222490931, "y": 13.267230955259976}, "rect": {"x": 45, "y": 124, "h": 185, "w": 422}}], "h": 334, "file": "imagenet_00783.jpg"}