{"w": 500, "species": "ALB", "selections": [{"tail": {"x": 44.08006814310051, "y": 172.01022146507665}, "head": {"x": 87.18057921635435, "y": 14.301533219761499}, "rect": {"x": 118, "y": 18, "h": 188, "w": 115}}], "h": 267, "file": "imagenet_00478.jpg"}