{"w": 565, "species": "ALB", "selections": [{"tail": {"x": 108.74301172227233, "y": 74.48151487826871}, "head": {"x": 120.66005410279531, "y": 814.8277727682597}, "rect": {"x": 42, "y": 42, "h": 826, "w": 215}}], "h": 1023, "file": "imagenet_00544.jpg"}