{"w": 336, "species": "ALB", "selections": [{"tail": {"x": 49.60595130748422, "y": 14.906221821460774}, "head": {"x": 43.74120829576194, "y": 259.5148782687105}, "rect": {"x": 174, "y": 196, "h": 271, "w": 99}}, {"tail": {"x": 33.773669972948596, "y": 28.451758340847608}, "head": {"x": 27.837691614066724, "y": 213.89990982867445}, "rect": {"x": 91, "y": 219, "h": 227, "w": 63}}], "h": 500, "file": "imagenet_00580.jpg"}