{"w": 500, "species": "ALB", "selections": [{"species": "YFT", "tail": {"x": 21.953982300884956, "y": 108.20176991150443}, "head": {"x": 370.86548672566374, "y": 66.64601769911505}, "rect": {"x": 0, "y": 176, "h": 199, "w": 443}}], "h": 375, "file": "imagenet_00649.jpg"}