{"w": 375, "species": "ALB", "selections": [{"tail": {"x": 150.56086564472497, "y": 17.372407574391342}, "head": {"x": 93.09828674481516, "y": 489.1000901713255}, "rect": {"x": 36, "y": 0, "h": 494, "w": 238}}], "h": 500, "file": "imagenet_00548.jpg"}