{"w": 360, "species": "ALB", "selections": [{"tail": {"x": 50.036068530207395, "y": 48.42200180342651}, "head": {"x": 51.65013525698828, "y": 343.1505861136159}, "rect": {"x": 93, "y": 29, "h": 358, "w": 83}}], "h": 415, "file": "imagenet_00924.jpg"}