{"w": 500, "species": "ALB", "selections": [{"tail": {"x": 468.27433628318585, "y": 29.424778761061948}, "head": {"x": 40.35398230088496, "y": 84.91150442477877}, "rect": {"x": 18, "y": 118, "h": 132, "w": 475}}], "h": 314, "file": "imagenet_00550.jpg"}