{"w": 500, "species": "ALB", "selections": [{"tail": {"x": 128.73431734317342, "y": 305.6236162361624}, "head": {"x": 48.4760147601476, "y": 34.35055350553505}, "rect": {"x": 168, "y": 28, "h": 322, "w": 174}}], "h": 350, "file": "imagenet_00482.jpg"}