{"w": 500, "species": "ALB", "selections": [{"tail": {"x": 61.649635036496356, "y": 93.37226277372262}, "head": {"x": 478.2335766423358, "y": 53.27007299270073}, "rect": {"x": 1, "y": 67, "h": 160, "w": 492}}], "h": 293, "file": "imagenet_00730.jpg"}