{"w": 500, "species": "ALB", "selections": [{"tail": {"x": 33.81386861313869, "y": 43.75912408759124}, "head": {"x": 311.485401459854, "y": 47.737226277372265}, "rect": {"x": 51, "y": 158, "h": 82, "w": 327}}], "h": 334, "file": "imagenet_00663.jpg"}