{"w": 500, "species": "ALB", "selections": [{"tail": {"x": 22.149914821124362, "y": 146.3236797274276}, "head": {"x": 351.0425894378194, "y": 185.25383304940374}, "rect": {"x": 0, "y": 55, "h": 252, "w": 394}}], "h": 333, "file": "imagenet_00559.jpg"}