{"w": 500, "species": "ALB", "selections": [{"tail": {"x": 23.592457420924575, "y": 145.39537712895378}, "head": {"x": 408.75304136253044, "y": 46.63625304136253}, "rect": {"x": 35, "y": 108, "h": 205, "w": 451}}], "h": 334, "file": "imagenet_00711.jpg"}