{"w": 500, "species": "ALB", "selections": [{"tail": {"x": 45.86374695863747, "y": 127.15328467153286}, "head": {"x": 235.01216545012167, "y": 29.416058394160586}, "rect": {"x": 183, "y": 207, "h": 168, "w": 260}}], "h": 375, "file": "imagenet_00702.jpg"}