{"w": 600, "species": "ALB", "selections": [{"tail": {"x": 84.82236248872859, "y": 670.9828674481515}, "head": {"x": 179.7727682596934, "y": 14.559062218214608}, "rect": {"x": 148, "y": 158, "h": 702, "w": 243}}], "h": 902, "file": "imagenet_00573.jpg"}