{"w": 500, "species": "ALB", "selections": [{"tail": {"x": 47.77372262773723, "y": 26.228710462287104}, "head": {"x": 361.5815085158151, "y": 115.21897810218978}, "rect": {"x": 29, "y": 136, "h": 127, "w": 385}}], "h": 375, "file": "imagenet_00686.jpg"}