{"w": 471, "species": "ALB", "selections": [{"tail": {"x": 26.703336339044185, "y": 422.0721370604148}, "head": {"x": 44.63841298467087, "y": 27.10189359783589}, "rect": {"x": 221, "y": 30, "h": 442, "w": 96}}], "h": 500, "file": "imagenet_00453.jpg"}