{"w": 600, "species": "ALB", "selections": [{"tail": {"x": 120.66005410279531, "y": 522.5193868349864}, "head": {"x": 65.44274120829576, "y": 42.43552750225428}, "rect": {"x": 168, "y": 163, "h": 567, "w": 221}}], "h": 800, "file": "imagenet_00848.jpg"}