{"w": 346, "species": "ALB", "selections": [{"tail": {"x": 95.65374211000902, "y": 482.86744815148785}, "head": {"x": 63.00270513976556, "y": 13.796212804328224}, "rect": {"x": 200, "y": 90, "h": 510, "w": 146}}], "h": 600, "file": "imagenet_00879.jpg"}