{"w": 333, "species": "ALB", "selections": [{"tail": {"x": 22.626548672566372, "y": 201.71327433628318}, "head": {"x": 101.81946902654867, "y": 20.700884955752212}, "rect": {"x": 0, "y": 200, "h": 261, "w": 136}}, {"tail": {"x": 85.10369702434626, "y": 201.92786293958522}, "head": {"x": 102.1244364292155, "y": 11.605049594229035}, "rect": {"x": 36, "y": 208, "h": 286, "w": 136}}, {"tail": {"x": 45.884955752212385, "y": 20.159292035398227}, "head": {"x": 18.20353982300885, "y": 146.23008849557522}, "rect": {"x": 136, "y": 268, "h": 160, "w": 85}}], "h": 500, "file": "imagenet_00564.jpg"}