{"w": 500, "species": "ALB", "selections": [{"tail": {"x": 485.27427597955705, "y": 180.70528109028962}, "head": {"x": 5.090289608177172, "y": 162.8892674616695}, "rect": {"x": 2, "y": 63, "h": 302, "w": 498}}], "h": 375, "file": "imagenet_00590.jpg"}