{"w": 500, "species": "ALB", "selections": [{"tail": {"x": 439.8053097345133, "y": 72.71681415929203}, "head": {"x": 9.63716814159292, "y": 84.10619469026548}, "rect": {"x": 5, "y": 148, "h": 141, "w": 495}}], "h": 291, "file": "imagenet_00549.jpg"}