{"w": 375, "species": "ALB", "selections": [{"tail": {"x": 66.04869251577998, "y": 300.46257889990983}, "head": {"x": 49.53651938683498, "y": 25.65284039675383}, "rect": {"x": 139, "y": 57, "h": 327, "w": 121}}], "h": 500, "file": "imagenet_00579.jpg"}