{"w": 500, "species": "ALB", "selections": [{"tail": {"x": 434.81601362862006, "y": 203.32027257240205}, "head": {"x": 40.35945485519591, "y": 167.5298126064736}, "rect": {"x": 53, "y": 68, "h": 296, "w": 447}}], "h": 375, "file": "imagenet_00605.jpg"}