{"w": 360, "species": "ALB", "selections": [{"tail": {"x": 37.43372407574391, "y": 25.63029756537421}, "head": {"x": 38.44544634806132, "y": 355.78899909828675}, "rect": {"x": 230, "y": 106, "h": 374, "w": 98}}], "h": 480, "file": "imagenet_00429.jpg"}