{"w": 500, "species": "ALB", "selections": [{"tail": {"x": 21.377128953771287, "y": 46.47201946472019}, "head": {"x": 377.8175182481752, "y": 113.85644768856447}, "rect": {"x": 60, "y": 92, "h": 144, "w": 382}}], "h": 332, "file": "imagenet_00724.jpg"}