{"w": 375, "species": "ALB", "selections": [{"tail": {"x": 60.13796212804328, "y": 465.7493237150586}, "head": {"x": 55.019837691614065, "y": 32.41478809738503}, "rect": {"x": 122, "y": 27, "h": 473, "w": 106}}, {"tail": {"x": 27.664562669071234, "y": 466.04147880973846}, "head": {"x": 76.18394950405771, "y": 17.87556357078449}, "rect": {"x": 242, "y": 28, "h": 472, "w": 99}}], "h": 500, "file": "imagenet_00535.jpg"}