{"w": 375, "species": "ALB", "selections": [{"tail": {"x": 27.570784490532013, "y": 276.7682596934175}, "head": {"x": 68.66185752930568, "y": 24.12443642921551}, "rect": {"x": 201, "y": 54, "h": 294, "w": 100}}], "h": 500, "file": "imagenet_00733.jpg"}