{"w": 500, "species": "ALB", "selections": [{"tail": {"x": 63.754816112084065, "y": 80.5323992994746}, "head": {"x": 443.76707530647985, "y": 328.8406304728546}, "rect": {"x": 5, "y": 9, "h": 355, "w": 479}}], "h": 375, "file": "imagenet_00740.jpg"}