{"w": 237, "species": "ALB", "selections": [{"tail": {"x": 75.36789900811542, "y": 36.33273219116321}, "head": {"x": 77.46979260595131, "y": 324.59242560865647}, "rect": {"x": 22, "y": 2, "h": 333, "w": 114}}, {"species": "DOL", "tail": {"x": 14.932371505861134, "y": 13.16952209197475}, "head": {"x": 13.376916140667268, "y": 107.43011722272317}, "rect": {"x": 21, "y": 202, "h": 115, "w": 33}}, {"species": "DOL", "tail": {"x": 14.293056807935075, "y": 28.704238052299367}, "head": {"x": 15.946798917944092, "y": 127.10189359783588}, "rect": {"x": 120, "y": 208, "h": 131, "w": 37}}, {"tail": {"x": 14.662759242560865, "y": 20.309287646528404}, "head": {"x": 16.939585211902614, "y": 98.54102795311091}, "rect": {"x": 155, "y": 204, "h": 101, "w": 37}}], "h": 342, "file": "imagenet_00582.jpg"}