{"w": 500, "species": "ALB", "selections": [{"tail": {"x": 57.39224526600541, "y": 48.56266907123535}, "head": {"x": 41.81064021641118, "y": 277.092876465284}, "rect": {"x": 132, "y": 45, "h": 288, "w": 94}}], "h": 375, "file": "imagenet_00592.jpg"}