{"w": 500, "species": "ALB", "selections": [{"tail": {"x": 44.66021765417171, "y": 40.49697702539299}, "head": {"x": 277.80169286577996, "y": 145.71342200725516}, "rect": {"x": 2, "y": 103, "h": 177, "w": 313}}], "h": 357, "file": "imagenet_00766.jpg"}