{"w": 500, "species": "ALB", "selections": [{"tail": {"x": 23.193430656934307, "y": 147.0802919708029}, "head": {"x": 453.12043795620434, "y": 45.25547445255474}, "rect": {"x": 32, "y": 119, "h": 173, "w": 465}}], "h": 375, "file": "imagenet_00666.jpg"}