{"w": 500, "species": "ALB", "selections": [{"tail": {"x": 40.749391727493915, "y": 172.28223844282238}, "head": {"x": 411.6204379562044, "y": 21.148418491484186}, "rect": {"x": 40, "y": 110, "h": 217, "w": 424}}], "h": 333, "file": "imagenet_00696.jpg"}