{"w": 383, "species": "ALB", "selections": [{"tail": {"x": 28.499115044247787, "y": 24.679646017699113}, "head": {"x": 133.0938053097345, "y": 164.53097345132744}, "rect": {"x": 161, "y": 288, "h": 193, "w": 166}}], "h": 500, "file": "imagenet_00533.jpg"}