{"w": 375, "species": "ALB", "selections": [{"tail": {"x": 48.444544634806135, "y": 269.62849413886386}, "head": {"x": 107.96212804328223, "y": 5.813345356176736}, "rect": {"x": 57, "y": 124, "h": 307, "w": 134}}], "h": 500, "file": "imagenet_00463.jpg"}