{"w": 800, "species": "ALB", "selections": [{"tail": {"x": 67.51824817518248, "y": 94.8905109489051}, "head": {"x": 734.4890510948904, "y": 83.94160583941606}, "rect": {"x": 33, "y": 241, "h": 179, "w": 750}}], "h": 600, "file": "imagenet_00679.jpg"}