{"w": 500, "species": "ALB", "selections": [{"tail": {"x": 51.3728813559322, "y": 77.94915254237289}, "head": {"x": 13.050847457627118, "y": 14}, "rect": {"x": 267, "y": 69, "h": 98, "w": 84}}], "h": 333, "file": "imagenet_00440.jpg"}