{"w": 500, "species": "ALB", "selections": [{"tail": {"x": 49.842477876106194, "y": 206.49026548672566}, "head": {"x": 425.6389380530974, "y": 22.15221238938053}, "rect": {"x": 6, "y": 74, "h": 251, "w": 447}}], "h": 380, "file": "imagenet_00625.jpg"}