{"w": 538, "species": "ALB", "selections": [{"tail": {"x": 6.432889963724305, "y": 213.57194679564694}, "head": {"x": 513.3446191051995, "y": 50.17654171704958}, "rect": {"x": 0, "y": 112, "h": 282, "w": 532}}], "h": 395, "file": "imagenet_00851.jpg"}