{"w": 500, "species": "ALB", "selections": [{"tail": {"x": 35.146507666098806, "y": 192.03236797274275}, "head": {"x": 263.3441226575809, "y": 18.337308347529813}, "rect": {"x": 23, "y": 19, "h": 222, "w": 299}}], "h": 281, "file": "imagenet_00468.jpg"}