{"w": 500, "species": "ALB", "selections": [{"tail": {"x": 46.05166051660517, "y": 59.29151291512915}, "head": {"x": 263.6457564575646, "y": 90.37638376383764}, "rect": {"x": 141, "y": 153, "h": 116, "w": 312}}], "h": 356, "file": "imagenet_00745.jpg"}