{"w": 500, "species": "ALB", "selections": [{"tail": {"x": 463.09963099630994, "y": 65.49815498154982}, "head": {"x": 9.225092250922508, "y": 41.51291512915129}, "rect": {"x": 0, "y": 159, "h": 143, "w": 500}}], "h": 375, "file": "imagenet_00460.jpg"}