{"w": 500, "species": "ALB", "selections": [{"tail": {"x": 24.357933579335793, "y": 88.95940959409594}, "head": {"x": 229.8118081180812, "y": 81.01660516605166}, "rect": {"x": 123, "y": 145, "h": 137, "w": 287}}], "h": 375, "file": "imagenet_00796.jpg"}