{"w": 500, "species": "ALB", "selections": [{"tail": {"x": 38.237168141592925, "y": 156.42477876106196}, "head": {"x": 462.3221238938053, "y": 129.4849557522124}, "rect": {"x": 0, "y": 46, "h": 253, "w": 491}}], "h": 325, "file": "imagenet_00630.jpg"}