{"w": 500, "species": "ALB", "selections": [{"tail": {"x": 15.42921550946799, "y": 8.909828674481515}, "head": {"x": 48.89540126239856, "y": 228.61316501352573}, "rect": {"x": 350, "y": 63, "h": 241, "w": 67}}, {"tail": {"x": 25.640216411181243, "y": 20.766456266907124}, "head": {"x": 34.75202885482416, "y": 219.95491433724075}, "rect": {"x": 193, "y": 52, "h": 235, "w": 51}}, {"species": "DOL", "tail": {"x": 28.45716862037872, "y": 38.06853020739405}, "head": {"x": 41.083859332732196, "y": 171.87376014427412}, "rect": {"x": 231, "y": 32, "h": 209, "w": 80}}, {"tail": {"x": 42.92155094679892, "y": 30.688908926961226}, "head": {"x": 52.79350766456267, "y": 211.17403065825067}, "rect": {"x": 71, "y": 44, "h": 238, "w": 107}}], "h": 375, "file": "imagenet_00502.jpg"}