{"w": 500, "species": "ALB", "selections": [{"tail": {"x": 60.0283185840708, "y": 275.53982300884957}, "head": {"x": 241.09734513274338, "y": 32.966371681415936}, "rect": {"x": 56, "y": 88, "h": 285, "w": 278}}, {"tail": {"x": 22.04424778761062, "y": 74.57522123893804}, "head": {"x": 232.6371681415929, "y": 151.9646017699115}, "rect": {"x": 235, "y": 119, "h": 187, "w": 265}}], "h": 375, "file": "imagenet_00572.jpg"}