{"w": 496, "species": "ALB", "selections": [{"tail": {"x": 162.8169522091975, "y": 677.7421100090172}, "head": {"x": 123.10550045085664, "y": 15.222723174030659}, "rect": {"x": 163, "y": 10, "h": 734, "w": 251}}], "h": 744, "file": "imagenet_00892.jpg"}