{"w": 800, "species": "ALB", "selections": [{"tail": {"x": 87.40959409594096, "y": 105.44649446494465}, "head": {"x": 700.6642066420665, "y": 76.309963099631}, "rect": {"x": 47, "y": 236, "h": 181, "w": 752}}], "h": 600, "file": "imagenet_00439.jpg"}