{"w": 421, "species": "ALB", "selections": [{"tail": {"x": 54.84667802385009, "y": 182.55536626916526}, "head": {"x": 217.38500851788757, "y": 14.812606473594549}, "rect": {"x": 124, "y": 138, "h": 223, "w": 235}}], "h": 500, "file": "imagenet_00595.jpg"}