{"w": 557, "species": "ALB", "selections": [{"tail": {"x": 517.2623941958888, "y": 97.6602176541717}, "head": {"x": 68.0253929866989, "y": 73.41354292623942}, "rect": {"x": 0, "y": 152, "h": 171, "w": 557}}], "h": 417, "file": "imagenet_00907.jpg"}