{"w": 375, "species": "ALB", "selections": [{"tail": {"x": 182.75912408759126, "y": 37.48905109489051}, "head": {"x": 16.14111922141119, "y": 39.05109489051095}, "rect": {"x": 34, "y": 203, "h": 72, "w": 214}}], "h": 500, "file": "imagenet_00654.jpg"}