{"w": 500, "species": "ALB", "selections": [{"tail": {"x": 24.853974121996306, "y": 196.99075785582255}, "head": {"x": 485.1127541589649, "y": 53.390018484288355}, "rect": {"x": 0, "y": 98, "h": 266, "w": 498}}], "h": 371, "file": "imagenet_00508.jpg"}