{"w": 415, "species": "ALB", "selections": [{"tail": {"x": 404.5272067714631, "y": 80.70616686819831}, "head": {"x": 42.34582829504232, "y": 153.44135429262394}, "rect": {"x": 3, "y": 9, "h": 202, "w": 412}}], "h": 275, "file": "imagenet_00931.jpg"}