{"w": 375, "species": "ALB", "selections": [{"tail": {"x": 59.314697926059516, "y": 52.093778178539225}, "head": {"x": 36.878268710550046, "y": 280.8422001803427}, "rect": {"x": 136, "y": 84, "h": 286, "w": 115}}], "h": 500, "file": "imagenet_00636.jpg"}