{"w": 500, "species": "ALB", "selections": [{"tail": {"x": 55.48367593712212, "y": 81.18137847642079}, "head": {"x": 470.15114873035066, "y": 101.03869407496977}, "rect": {"x": 12, "y": 209, "h": 161, "w": 483}}], "h": 375, "file": "imagenet_00806.jpg"}