{"w": 333, "species": "ALB", "selections": [{"tail": {"x": 135.22509225092253, "y": 45.84686346863469}, "head": {"x": 102.34501845018451, "y": 449.669741697417}, "rect": {"x": 55, "y": 45, "h": 455, "w": 251}}], "h": 500, "file": "imagenet_00814.jpg"}