{"w": 333, "species": "ALB", "selections": [{"tail": {"x": 49.643823264201984, "y": 35.75743913435527}, "head": {"x": 110.04959422903516, "y": 368.6834986474301}, "rect": {"x": 56, "y": 75, "h": 385, "w": 138}}], "h": 500, "file": "imagenet_00706.jpg"}