{"w": 500, "species": "ALB", "selections": [{"tail": {"x": 401.4391143911439, "y": 57.71217712177121}, "head": {"x": 37.343173431734314, "y": 181.62361623616235}, "rect": {"x": 24, "y": 111, "h": 236, "w": 460}}], "h": 375, "file": "imagenet_00495.jpg"}