{"w": 500, "species": "ALB", "selections": [{"tail": {"x": 114.9520295202952, "y": 218.14760147601476}, "head": {"x": 19.59409594095941, "y": 10.776752767527675}, "rect": {"x": 29, "y": 50, "h": 241, "w": 177}}], "h": 333, "file": "imagenet_00776.jpg"}