{"w": 500, "species": "ALB", "selections": [{"tail": {"x": 58.57793345008757, "y": 55.41155866900176}, "head": {"x": 433.7933450087566, "y": 26.914185639229423}, "rect": {"x": 45, "y": 133, "h": 129, "w": 452}}], "h": 287, "file": "imagenet_00658.jpg"}