{"w": 827, "species": "ALB", "selections": [{"tail": {"x": 72.83394833948338, "y": 313.90405904059037}, "head": {"x": 532.4059040590406, "y": 22.568265682656826}, "rect": {"x": 241, "y": 12, "h": 458, "w": 556}}], "h": 539, "file": "imagenet_00849.jpg"}