{"w": 500, "species": "ALB", "selections": [{"tail": {"x": 67.96747967479675, "y": 66.01626016260163}, "head": {"x": 215.28455284552845, "y": 191.54471544715446}, "rect": {"x": 83, "y": 120, "h": 233, "w": 280}}], "h": 375, "file": "imagenet_00449.jpg"}