{"w": 250, "species": "ALB", "selections": [{"tail": {"x": 50.89990982867448, "y": 25.75293056807935}, "head": {"x": 33.630297565374214, "y": 325.092876465284}, "rect": {"x": 63, "y": 72, "h": 336, "w": 87}}], "h": 408, "file": "imagenet_00909.jpg"}