{"w": 500, "species": "ALB", "selections": [{"tail": {"x": 260.66789667896677, "y": 28.095940959409592}, "head": {"x": 19.771217712177123, "y": 234.1328413284133}, "rect": {"x": 0, "y": 8, "h": 255, "w": 282}}], "h": 375, "file": "imagenet_00500.jpg"}