{"w": 322, "species": "ALB", "selections": [{"tail": {"x": 79.35798016230838, "y": 52.557258791704236}, "head": {"x": 71.70063119927863, "y": 381.82326420198376}, "rect": {"x": 106, "y": 27, "h": 386, "w": 167}}], "h": 480, "file": "imagenet_00442.jpg"}