{"w": 400, "species": "ALB", "selections": [{"tail": {"x": 28.54368932038835, "y": 35.20388349514563}, "head": {"x": 380.5825242718447, "y": 86.10679611650485}, "rect": {"x": 8, "y": 94, "h": 161, "w": 392}}], "h": 266, "file": "imagenet_00935.jpg"}