{"w": 500, "species": "ALB", "selections": [{"tail": {"x": 31.53604436229205, "y": 167.0739371534196}, "head": {"x": 339.51571164510165, "y": 16.774491682070238}, "rect": {"x": 72, "y": 147, "h": 212, "w": 363}}], "h": 375, "file": "imagenet_00523.jpg"}