{"w": 500, "species": "ALB", "selections": [{"tail": {"x": 63.1175468483816, "y": 79.94889267461669}, "head": {"x": 490.63373083475295, "y": 96.78023850085178}, "rect": {"x": 0, "y": 87, "h": 150, "w": 494}}], "h": 255, "file": "imagenet_00617.jpg"}