{"w": 432, "species": "ALB", "selections": [{"tail": {"x": 404.44280442804427, "y": 124.38376383763837}, "head": {"x": 22.686346863468632, "y": 12.51660516605166}, "rect": {"x": 8, "y": 90, "h": 139, "w": 424}}], "h": 229, "file": "imagenet_00762.jpg"}