{"w": 500, "species": "ALB", "selections": [{"tail": {"x": 319.76885644768856, "y": 41.30170316301703}, "head": {"x": 34.0632603406326, "y": 42.153284671532845}, "rect": {"x": 102, "y": 97, "h": 87, "w": 350}}], "h": 375, "file": "imagenet_00701.jpg"}