{"w": 220, "species": "ALB", "selections": [{"tail": {"x": 38.85608856088561, "y": 140.47970479704796}, "head": {"x": 108.59778597785977, "y": 13.20110701107011}, "rect": {"x": 52, "y": 45, "h": 139, "w": 135}}], "h": 222, "file": "imagenet_00869.jpg"}