{"w": 267, "species": "ALB", "selections": [{"tail": {"x": 19.392986698911727, "y": 29.383313180169285}, "head": {"x": 227.13301088270856, "y": 53.4776299879081}, "rect": {"x": 24, "y": 51, "h": 75, "w": 243}}], "h": 200, "file": "imagenet_00857.jpg"}