{"w": 518, "species": "ALB", "selections": [{"tail": {"x": 493.8959474260679, "y": 47.76013143483023}, "head": {"x": 16.856516976998904, "y": 28.656078860898138}, "rect": {"x": 5, "y": 165, "h": 93, "w": 513}}], "h": 389, "file": "imagenet_00922.jpg"}