{"w": 333, "species": "ALB", "selections": [{"tail": {"x": 72.73940486925157, "y": 25.37421100090171}, "head": {"x": 72.31650135256987, "y": 457.5816050495942}, "rect": {"x": 171, "y": 0, "h": 469, "w": 144}}], "h": 500, "file": "imagenet_00798.jpg"}