{"w": 500, "species": "ALB", "selections": [{"tail": {"x": 453.7345132743362, "y": 122.15929203539822}, "head": {"x": 18.323893805309734, "y": 238.21061946902654}, "rect": {"x": 7, "y": 106, "h": 276, "w": 493}}], "h": 409, "file": "imagenet_00629.jpg"}