{"w": 375, "species": "ALB", "selections": [{"tail": {"x": 67.0297565374211, "y": 45.53651938683499}, "head": {"x": 60.108205590622184, "y": 385.4211000901713}, "rect": {"x": 121, "y": 90, "h": 404, "w": 131}}], "h": 500, "file": "imagenet_00661.jpg"}