{"w": 209, "species": "ALB", "selections": [{"tail": {"x": 87.00738007380073, "y": 211.72693726937268}, "head": {"x": 65.72693726937268, "y": 7.273062730627306}, "rect": {"x": 21, "y": 0, "h": 237, "w": 146}}], "h": 261, "file": "imagenet_00810.jpg"}