{"w": 500, "species": "ALB", "selections": [{"tail": {"x": 29.472324723247233, "y": 155.18081180811808}, "head": {"x": 314.5719557195572, "y": 19.247232472324725}, "rect": {"x": 173, "y": 90, "h": 190, "w": 326}}], "h": 375, "file": "imagenet_00788.jpg"}