{"w": 500, "species": "ALB", "selections": [{"tail": {"x": 57.64906303236798, "y": 66.84838160136286}, "head": {"x": 303.5775127768313, "y": 77.88756388415673}, "rect": {"x": 65, "y": 112, "h": 129, "w": 360}}], "h": 335, "file": "imagenet_00496.jpg"}