{"w": 595, "species": "ALB", "selections": [{"tail": {"x": 240.94649446494464, "y": 274.4889298892989}, "head": {"x": 30.18819188191882, "y": 19.566420664206642}, "rect": {"x": 133, "y": 112, "h": 313, "w": 303}}], "h": 563, "file": "imagenet_00881.jpg"}