{"w": 500, "species": "ALB", "selections": [{"tail": {"x": 30.80894800483676, "y": 41.619105199516326}, "head": {"x": 430.24425634824667, "y": 31.889963724304717}, "rect": {"x": 48, "y": 209, "h": 118, "w": 447}}], "h": 375, "file": "imagenet_00830.jpg"}