{"w": 360, "species": "ALB", "selections": [{"tail": {"x": 25.397823458282954, "y": 53.378476420798066}, "head": {"x": 336.1983071342201, "y": 36.159613059250304}, "rect": {"x": 4, "y": 82, "h": 94, "w": 356}}], "h": 285, "file": "imagenet_00929.jpg"}