{"w": 568, "species": "ALB", "selections": [{"tail": {"x": 452.9613059250302, "y": 134.8174123337364}, "head": {"x": 37.16928657799274, "y": 136.7073760580411}, "rect": {"x": 36, "y": 13, "h": 230, "w": 521}}], "h": 275, "file": "imagenet_00883.jpg"}