{"w": 500, "species": "ALB", "selections": [{"tail": {"x": 24.377652050919377, "y": 79.63366336633663}, "head": {"x": 360.82062146892656, "y": 63.29237288135594}, "rect": {"x": 1, "y": 0, "h": 111, "w": 383}}], "h": 296, "file": "imagenet_00447.jpg"}