{"w": 500, "species": "ALB", "selections": [{"tail": {"x": 225.0664395229983, "y": 162.10732538330495}, "head": {"x": 17.846678023850085, "y": 41.146507666098806}, "rect": {"x": 32, "y": 72, "h": 203, "w": 291}}], "h": 333, "file": "imagenet_00543.jpg"}