{"w": 500, "species": "ALB", "selections": [{"tail": {"x": 438.76814159292036, "y": 99.32743362831859}, "head": {"x": 13.819469026548672, "y": 63.915044247787606}, "rect": {"x": 8, "y": 91, "h": 167, "w": 488}}], "h": 332, "file": "imagenet_00611.jpg"}