{"w": 360, "species": "ALB", "selections": [{"tail": {"x": 157.380522993688, "y": 309.6257889990983}, "head": {"x": 18.12443642921551, "y": 13.593327321911632}, "rect": {"x": 159, "y": 55, "h": 335, "w": 201}}], "h": 390, "file": "imagenet_00902.jpg"}