{"w": 375, "species": "ALB", "selections": [{"tail": {"x": 79.83408476104599, "y": 50.874661857529304}, "head": {"x": 71.61587015329125, "y": 423.8250676284941}, "rect": {"x": 89, "y": 34, "h": 434, "w": 171}}], "h": 500, "file": "imagenet_00587.jpg"}