{"w": 225, "species": "ALB", "selections": [{"tail": {"x": 147.3708487084871, "y": 253.8708487084871}, "head": {"x": 6.287822878228782, "y": 15.326568265682658}, "rect": {"x": 2, "y": 16, "h": 271, "w": 213}}], "h": 287, "file": "imagenet_00868.jpg"}