{"w": 375, "species": "ALB", "selections": [{"tail": {"x": 46.65825067628494, "y": 331.36880072137063}, "head": {"x": 50.46708746618575, "y": 11.743913435527503}, "rect": {"x": 50, "y": 94, "h": 352, "w": 96}}], "h": 500, "file": "imagenet_00466.jpg"}