{"w": 500, "species": "ALB", "selections": [{"tail": {"x": 43.87104622871046, "y": 198.9221411192214}, "head": {"x": 462.14841849148416, "y": 30.048661800486617}, "rect": {"x": 0, "y": 140, "h": 232, "w": 494}}], "h": 372, "file": "imagenet_00698.jpg"}