{"w": 240, "species": "ALB", "selections": [{"tail": {"x": 52.35166816952209, "y": 25.312894499549145}, "head": {"x": 32.21641118124437, "y": 315.83588818755635}, "rect": {"x": 50, "y": 1, "h": 319, "w": 78}}], "h": 320, "file": "imagenet_00427.jpg"}