{"w": 500, "species": "ALB", "selections": [{"tail": {"x": 55.525830258302584, "y": 5.125461254612546}, "head": {"x": 428.83025830258305, "y": 308.3819188191882}, "rect": {"x": 0, "y": 0, "h": 329, "w": 463}}], "h": 333, "file": "imagenet_00793.jpg"}