{"w": 500, "species": "ALB", "selections": [{"tail": {"x": 335.10562180579217, "y": 180.62862010221465}, "head": {"x": 32.23339011925043, "y": 116.77001703577513}, "rect": {"x": 8, "y": 99, "h": 232, "w": 357}}], "h": 375, "file": "imagenet_00575.jpg"}