{"w": 500, "species": "ALB", "selections": [{"tail": {"x": 33.867120954003404, "y": 171.87563884156728}, "head": {"x": 471.5996592844974, "y": 136.3151618398637}, "rect": {"x": 3, "y": 1, "h": 319, "w": 497}}], "h": 375, "file": "imagenet_00566.jpg"}