{"w": 500, "species": "ALB", "selections": [{"tail": {"x": 109.63468634686346, "y": 265.0627306273063}, "head": {"x": 32.594095940959406, "y": 22.088560885608857}, "rect": {"x": 232, "y": 15, "h": 288, "w": 146}}], "h": 303, "file": "imagenet_00459.jpg"}