{"w": 358, "species": "ALB", "selections": [{"tail": {"x": 64.17944093778178, "y": 357.1009918845807}, "head": {"x": 67.79981965734896, "y": 37.84941388638413}, "rect": {"x": 39, "y": 135, "h": 365, "w": 121}}], "h": 500, "file": "imagenet_00784.jpg"}