{"w": 190, "species": "ALB", "selections": [{"tail": {"x": 78.38142470694319, "y": 267.5247971145176}, "head": {"x": 14.648331830477908, "y": 13.106402164111811}, "rect": {"x": 41, "y": 15, "h": 285, "w": 121}}], "h": 300, "file": "imagenet_00586.jpg"}