{"w": 375, "species": "ALB", "selections": [{"tail": {"x": 70.6311992786294, "y": 39.35166816952209}, "head": {"x": 77.02164111812444, "y": 359.88277727682595}, "rect": {"x": 204, "y": 43, "h": 373, "w": 144}}], "h": 500, "file": "imagenet_00642.jpg"}