{"w": 420, "species": "ALB", "selections": [{"tail": {"x": 381.8802902055623, "y": 126.45707376058041}, "head": {"x": 26.094316807738814, "y": 24.588875453446192}, "rect": {"x": 5, "y": 57, "h": 180, "w": 415}}], "h": 315, "file": "imagenet_00884.jpg"}