{"w": 211, "species": "ALB", "selections": [{"tail": {"x": 18.214607754733994, "y": 191.70423805229936}, "head": {"x": 16.05049594229035, "y": 6.131650135256988}, "rect": {"x": 97, "y": 76, "h": 200, "w": 40}}], "h": 300, "file": "imagenet_00875.jpg"}