{"w": 500, "species": "ALB", "selections": [{"tail": {"x": 69.27726432532347, "y": 154.02587800369685}, "head": {"x": 25.441774491682068, "y": 17.534195933456562}, "rect": {"x": 194, "y": 185, "h": 176, "w": 93}}], "h": 375, "file": "imagenet_00517.jpg"}