{"w": 360, "species": "ALB", "selections": [{"tail": {"x": 80.09918845807033, "y": 29.751127141568983}, "head": {"x": 56.06943192064924, "y": 413.8458070333634}, "rect": {"x": 130, "y": 50, "h": 423, "w": 138}}], "h": 473, "file": "imagenet_00928.jpg"}