{"w": 500, "species": "ALB", "selections": [{"tail": {"x": 390.80258302583024, "y": 141.9741697416974}, "head": {"x": 9.714022140221402, "y": 143.46863468634686}, "rect": {"x": 95, "y": 102, "h": 270, "w": 405}}], "h": 375, "file": "imagenet_00749.jpg"}