{"w": 500, "species": "ALB", "selections": [{"tail": {"x": 40.25840707964602, "y": 155.5079646017699}, "head": {"x": 191.03008849557523, "y": 23.286725663716815}, "rect": {"x": 140, "y": 73, "h": 183, "w": 223}}], "h": 374, "file": "imagenet_00546.jpg"}