{"w": 305, "species": "ALB", "selections": [{"tail": {"x": 71.79151291512915, "y": 215.37453874538747}, "head": {"x": 198.60885608856088, "y": 14.186346863468636}, "rect": {"x": 62, "y": 56, "h": 304, "w": 233}}], "h": 442, "file": "imagenet_00906.jpg"}