{"w": 259, "species": "ALB", "selections": [{"tail": {"x": 93.50766456266908, "y": 73.96302975653742}, "head": {"x": 57.1009918845807, "y": 413.50315599639316}, "rect": {"x": 65, "y": 65, "h": 425, "w": 174}}], "h": 500, "file": "imagenet_00638.jpg"}