{"w": 500, "species": "ALB", "selections": [{"tail": {"x": 24.58823529411765, "y": 42.05882352941177}, "head": {"x": 344.88235294117646, "y": 64.05882352941177}, "rect": {"x": 148, "y": 63, "h": 100, "w": 352}}, {"tail": {"x": 277.3805147058823, "y": 49.01286764705882}, "head": {"x": 5.924632352941177, "y": 32.8547794117647}, "rect": {"x": 1, "y": 115, "h": 79, "w": 293}}], "h": 194, "file": "imagenet_00505.jpg"}