{"w": 500, "species": "ALB", "selections": [{"tail": {"x": 429.94649446494464, "y": 111.00738007380073}, "head": {"x": 21.538745387453872, "y": 40.59225092250922}, "rect": {"x": 4, "y": 75, "h": 166, "w": 449}}], "h": 274, "file": "imagenet_00484.jpg"}