{"w": 375, "species": "ALB", "selections": [{"tail": {"x": 60.5356176735798, "y": 34.43642921550946}, "head": {"x": 61.62308385933273, "y": 376.6257889990983}, "rect": {"x": 188, "y": 46, "h": 402, "w": 116}}], "h": 500, "file": "imagenet_00538.jpg"}