{"w": 333, "species": "ALB", "selections": [{"tail": {"x": 50.33183047790803, "y": 54.72587917042381}, "head": {"x": 91.8755635707845, "y": 433.41298467087466}, "rect": {"x": 34, "y": 22, "h": 443, "w": 130}}], "h": 500, "file": "imagenet_00690.jpg"}