{"w": 500, "species": "ALB", "selections": [{"tail": {"x": 361.89648798521256, "y": 49.574861367837336}, "head": {"x": 28.09242144177449, "y": 45.443622920517555}, "rect": {"x": 53, "y": 183, "h": 111, "w": 447}}], "h": 333, "file": "imagenet_00516.jpg"}