{"w": 500, "species": "ALB", "selections": [{"tail": {"x": 131.7970479704797, "y": 228.74723247232473}, "head": {"x": 20.35608856088561, "y": 17.940959409594097}, "rect": {"x": 125, "y": 45, "h": 252, "w": 187}}], "h": 334, "file": "imagenet_00773.jpg"}