{"w": 500, "species": "ALB", "selections": [{"tail": {"x": 320.0902654867256, "y": 28.38938053097345}, "head": {"x": 40.454867256637165, "y": 66.7150442477876}, "rect": {"x": 48, "y": 145, "h": 102, "w": 401}}], "h": 375, "file": "imagenet_00621.jpg"}