{"w": 500, "species": "ALB", "selections": [{"tail": {"x": 40.56086564472498, "y": 44.423805229936875}, "head": {"x": 61.80703336339044, "y": 219.97294860234445}, "rect": {"x": 273, "y": 94, "h": 238, "w": 91}}], "h": 375, "file": "imagenet_00739.jpg"}