{"w": 480, "species": "ALB", "selections": [{"tail": {"x": 75.58611361587015, "y": 410.75653742110006}, "head": {"x": 85.9522091974752, "y": 12.525698827772768}, "rect": {"x": 62, "y": 146, "h": 479, "w": 170}}], "h": 640, "file": "imagenet_00933.jpg"}