{"w": 375, "species": "ALB", "selections": [{"tail": {"x": 84.18935978358883, "y": 54.78990081154193}, "head": {"x": 105.1253381424707, "y": 487.3183047790803}, "rect": {"x": 7, "y": 6, "h": 494, "w": 182}}], "h": 500, "file": "imagenet_00779.jpg"}