{"w": 500, "species": "ALB", "selections": [{"tail": {"x": 17.04014598540146, "y": 112.22992700729927}, "head": {"x": 478.29927007299267, "y": 181.56569343065692}, "rect": {"x": 0, "y": 58, "h": 236, "w": 483}}], "h": 375, "file": "imagenet_00729.jpg"}