{"w": 375, "species": "ALB", "selections": [{"tail": {"x": 124.81436077057793, "y": 21.229422066549912}, "head": {"x": 39.1646234676007, "y": 197.65323992994746}, "rect": {"x": 81, "y": 208, "h": 214, "w": 209}}], "h": 500, "file": "imagenet_00667.jpg"}