{"w": 640, "species": "ALB", "selections": [{"tail": {"x": 213.47785977859778, "y": 303.5479704797048}, "head": {"x": 104.1070110701107, "y": 20.470479704797047}, "rect": {"x": 142, "y": 71, "h": 327, "w": 317}}], "h": 426, "file": "imagenet_00905.jpg"}