{"w": 432, "species": "ALB", "selections": [{"tail": {"x": 11.660516605166052, "y": 85.99630996309963}, "head": {"x": 358.5608856088561, "y": 30.608856088560884}, "rect": {"x": 4, "y": 124, "h": 138, "w": 395}}], "h": 287, "file": "imagenet_00844.jpg"}