{"w": 200, "species": "ALB", "selections": [{"tail": {"x": 86.45756457564575, "y": 142.8782287822878}, "head": {"x": 7.915129151291512, "y": 7.915129151291512}, "rect": {"x": 30, "y": 14, "h": 157, "w": 110}}], "h": 240, "file": "imagenet_00916.jpg"}