{"w": 500, "species": "ALB", "selections": [{"tail": {"x": 404.0591497227357, "y": 241.03142329020332}, "head": {"x": 43.68207024029575, "y": 32.76155268022181}, "rect": {"x": 64, "y": 70, "h": 287, "w": 422}}], "h": 375, "file": "imagenet_00525.jpg"}