{"w": 332, "species": "ALB", "selections": [{"tail": {"x": 238.41362530413625, "y": 42.07299270072993}, "head": {"x": 5.737226277372263, "y": 144.06812652068126}, "rect": {"x": 70, "y": 90, "h": 161, "w": 262}}], "h": 500, "file": "imagenet_00710.jpg"}