{"w": 371, "species": "ALB", "selections": [{"tail": {"x": 42.084643288996375, "y": 49.53325272067715}, "head": {"x": 303.90326481257557, "y": 35.38089480048368}, "rect": {"x": 19, "y": 117, "h": 76, "w": 308}}], "h": 300, "file": "imagenet_00845.jpg"}