{"w": 500, "species": "ALB", "selections": [{"tail": {"x": 9.11150442477876, "y": 110.3504424778761}, "head": {"x": 258.6654867256637, "y": 16.704424778761062}, "rect": {"x": 76, "y": 133, "h": 131, "w": 286}}], "h": 333, "file": "imagenet_00624.jpg"}