{"w": 450, "species": "ALB", "selections": [{"tail": {"x": 87.25553662691652, "y": 270.7819420783645}, "head": {"x": 155.19250425894379, "y": 28.9778534923339}, "rect": {"x": 150, "y": 24, "h": 281, "w": 189}}], "h": 305, "file": "imagenet_00553.jpg"}