{"w": 500, "species": "ALB", "selections": [{"tail": {"x": 108.7269372693727, "y": 23.317343173431734}, "head": {"x": 11.789667896678967, "y": 188.89667896678966}, "rect": {"x": 135, "y": 126, "h": 195, "w": 142}}], "h": 333, "file": "imagenet_00458.jpg"}