{"w": 500, "species": "ALB", "selections": [{"tail": {"x": 22.718258766626363, "y": 45.9528415961306}, "head": {"x": 410.993954050786, "y": 66.08948004836759}, "rect": {"x": 0, "y": 118, "h": 97, "w": 427}}], "h": 375, "file": "imagenet_00808.jpg"}