{"w": 500, "species": "ALB", "selections": [{"tail": {"x": 418.2725663716814, "y": 104.56814159292036}, "head": {"x": 29.534513274336284, "y": 30.33274336283186}, "rect": {"x": 49, "y": 146, "h": 146, "w": 451}}], "h": 375, "file": "imagenet_00603.jpg"}