{"w": 332, "species": "ALB", "selections": [{"tail": {"x": 142.47232472324723, "y": 252.06642066420665}, "head": {"x": 8.966789667896679, "y": 10.29520295202952}, "rect": {"x": 137, "y": 71, "h": 288, "w": 180}}], "h": 500, "file": "imagenet_00775.jpg"}