{"w": 500, "species": "ALB", "selections": [{"tail": {"x": 394.5608856088561, "y": 51.08856088560886}, "head": {"x": 12.575645756457565, "y": 59.73431734317344}, "rect": {"x": 19, "y": 96, "h": 97, "w": 426}}], "h": 336, "file": "imagenet_00497.jpg"}