{"w": 333, "species": "ALB", "selections": [{"tail": {"x": 28.48512173128945, "y": 253.4445446348061}, "head": {"x": 52.83137962128043, "y": 28.48512173128945}, "rect": {"x": 61, "y": 147, "h": 270, "w": 71}}], "h": 500, "file": "imagenet_00561.jpg"}