{"w": 500, "species": "ALB", "selections": [{"tail": {"x": 27.70559610705596, "y": 51.18491484184915}, "head": {"x": 332.46715328467155, "y": 179.38199513381994}, "rect": {"x": 62, "y": 121, "h": 213, "w": 386}}], "h": 334, "file": "imagenet_00705.jpg"}