{"w": 648, "species": "ALB", "selections": [{"tail": {"x": 110.95018450184502, "y": 123.7970479704797}, "head": {"x": 575.7730627306273, "y": 113.2859778597786}, "rect": {"x": 15, "y": 150, "h": 235, "w": 633}}], "h": 486, "file": "imagenet_00919.jpg"}