{"w": 500, "species": "ALB", "selections": [{"tail": {"x": 323.0472854640981, "y": 396.7863397548161}, "head": {"x": 108.1506129597198, "y": 14.747810858143607}, "rect": {"x": 65, "y": 2, "h": 403, "w": 401}}], "h": 405, "file": "imagenet_00713.jpg"}