{"w": 500, "species": "ALB", "selections": [{"tail": {"x": 37.03877366997295, "y": 22.72317403065825}, "head": {"x": 33.85752930568079, "y": 248.59152389540125}, "rect": {"x": 249, "y": 123, "h": 252, "w": 91}}], "h": 375, "file": "imagenet_00704.jpg"}