{"w": 500, "species": "ALB", "selections": [{"tail": {"x": 68.82777276825969, "y": 22.227231740306582}, "head": {"x": 66.68169522091975, "y": 152.98467087466187}, "rect": {"x": 104, "y": 138, "h": 170, "w": 119}}, {"tail": {"x": 67.31650135256989, "y": 25.57439134355275}, "head": {"x": 18.22542831379621, "y": 145.95040577096484}, "rect": {"x": 217, "y": 126, "h": 163, "w": 105}}, {"tail": {"x": 12.300813008130081, "y": 21.975609756097562}, "head": {"x": 92.32520325203252, "y": 122.04065040650407}, "rect": {"x": 303, "y": 132, "h": 149, "w": 119}}], "h": 375, "file": "imagenet_00648.jpg"}