{"w": 375, "species": "ALB", "selections": [{"tail": {"x": 32.20198376916141, "y": 258.62218214607753}, "head": {"x": 63.6492335437331, "y": 35.97565374211001}, "rect": {"x": 206, "y": 134, "h": 279, "w": 97}}], "h": 500, "file": "imagenet_00678.jpg"}