{"w": 500, "species": "ALB", "selections": [{"tail": {"x": 10.317343173431734, "y": 42.12915129151292}, "head": {"x": 220.53321033210332, "y": 49.43726937269373}, "rect": {"x": 24, "y": 152, "h": 85, "w": 233}}], "h": 375, "file": "imagenet_00434.jpg"}