{"w": 238, "species": "ALB", "selections": [{"tail": {"x": 28.8692515779982, "y": 266.7917042380523}, "head": {"x": 13.688007213706042, "y": 8.461677186654644}, "rect": {"x": 92, "y": 79, "h": 276, "w": 59}}], "h": 360, "file": "imagenet_00896.jpg"}