{"w": 333, "species": "ALB", "selections": [{"species": "YFT", "tail": {"x": 86.47790802524797, "y": 58.0414788097385}, "head": {"x": 86.0883678990081, "y": 416.0288548241659}, "rect": {"x": 84, "y": 51, "h": 432, "w": 184}}], "h": 500, "file": "imagenet_00499.jpg"}