{"w": 500, "species": "ALB", "selections": [{"tail": {"x": 398.11192214111924, "y": 31.89294403892944}, "head": {"x": 20.34549878345499, "y": 33.54257907542579}, "rect": {"x": 35, "y": 205, "h": 82, "w": 452}}], "h": 375, "file": "imagenet_00659.jpg"}