{"w": 500, "species": "ALB", "selections": [{"tail": {"x": 361.69485294117646, "y": 159.4154411764706}, "head": {"x": 24.5625, "y": 29.378676470588236}, "rect": {"x": 71, "y": 101, "h": 200, "w": 393}}], "h": 375, "file": "imagenet_00754.jpg"}