{"w": 500, "species": "ALB", "selections": [{"tail": {"x": 182.69829683698296, "y": 22.004866180048662}, "head": {"x": 53.564476885644766, "y": 278.2457420924574}, "rect": {"x": 151, "y": 32, "h": 286, "w": 238}}, {"species": "DOL", "tail": {"x": 28.12652068126521, "y": 19.854014598540147}, "head": {"x": 115.48418491484185, "y": 70.31630170316302}, "rect": {"x": 256, "y": 51, "h": 82, "w": 136}}], "h": 375, "file": "imagenet_00665.jpg"}