{"w": 500, "species": "ALB", "selections": [{"species": "DOL", "tail": {"x": 28.974169741697416, "y": 93.44649446494465}, "head": {"x": 88.84132841328413, "y": 16.309963099630995}, "rect": {"x": 48, "y": 103, "h": 113, "w": 104}}], "h": 375, "file": "imagenet_00472.jpg"}