{"w": 500, "species": "ALB", "selections": [{"tail": {"x": 42.3639661426844, "y": 22.81136638452237}, "head": {"x": 356.136638452237, "y": 129.88512696493348}, "rect": {"x": 42, "y": 122, "h": 151, "w": 385}}], "h": 332, "file": "imagenet_00834.jpg"}