{"w": 500, "species": "ALB", "selections": [{"tail": {"x": 187.4045534150613, "y": 9.0507880910683}, "head": {"x": 64.95271453590192, "y": 339.6707530647986}, "rect": {"x": 139, "y": 0, "h": 360, "w": 304}}], "h": 375, "file": "imagenet_00689.jpg"}