{"w": 500, "species": "ALB", "selections": [{"tail": {"x": 1.6933560477001703, "y": 132.92844974446336}, "head": {"x": 489.3798977853492, "y": 38.947189097103916}, "rect": {"x": 0, "y": 99, "h": 218, "w": 497}}], "h": 375, "file": "imagenet_00589.jpg"}