{"w": 500, "species": "ALB", "selections": [{"tail": {"x": 53.10761789600967, "y": 64.31922611850061}, "head": {"x": 457.90568319226117, "y": 346.9697702539299}, "rect": {"x": 8, "y": 1, "h": 385, "w": 488}}], "h": 392, "file": "imagenet_00767.jpg"}