{"w": 500, "species": "ALB", "selections": [{"tail": {"x": 57.58118081180812, "y": 294.1771217712177}, "head": {"x": 272.5129151291513, "y": 22.23431734317343}, "rect": {"x": 78, "y": 83, "h": 324, "w": 309}}], "h": 451, "file": "imagenet_00778.jpg"}