{"w": 500, "species": "ALB", "selections": [{"tail": {"x": 452.2118644067796, "y": 315.1779661016949}, "head": {"x": 39.152542372881356, "y": 64.60169491525423}, "rect": {"x": 38, "y": 20, "h": 355, "w": 462}}], "h": 375, "file": "imagenet_00437.jpg"}