{"w": 375, "species": "ALB", "selections": [{"tail": {"x": 62.24526600541028, "y": 47.47520288548242}, "head": {"x": 97.76375112714156, "y": 383.3183047790802}, "rect": {"x": 11, "y": 78, "h": 390, "w": 173}}], "h": 500, "file": "imagenet_00646.jpg"}