{"w": 500, "species": "ALB", "selections": [{"tail": {"x": 349.07155025553664, "y": 114.18228279386712}, "head": {"x": 5.219761499148211, "y": 41.10562180579216}, "rect": {"x": 5, "y": 70, "h": 152, "w": 383}}], "h": 375, "file": "imagenet_00577.jpg"}