{"w": 500, "species": "ALB", "selections": [{"tail": {"x": 404.0272572402044, "y": 143.78194207836455}, "head": {"x": 32.35093696763202, "y": 122.21465076660988}, "rect": {"x": 0, "y": 153, "h": 195, "w": 422}}], "h": 375, "file": "imagenet_00576.jpg"}