{"w": 500, "species": "ALB", "selections": [{"tail": {"x": 43.1070110701107, "y": 81.09963099630995}, "head": {"x": 366.7749077490775, "y": 62.83394833948339}, "rect": {"x": 26, "y": 142, "h": 138, "w": 396}}], "h": 375, "file": "imagenet_00433.jpg"}