{"w": 500, "species": "ALB", "selections": [{"tail": {"x": 64.46715328467154, "y": 40.7956204379562}, "head": {"x": 383.2773722627737, "y": 100.22627737226277}, "rect": {"x": 86, "y": 45, "h": 128, "w": 414}}, {"tail": {"x": 16.2639902676399, "y": 50.47445255474452}, "head": {"x": 452.0267639902676, "y": 143.57177615571774}, "rect": {"x": 2, "y": 101, "h": 177, "w": 461}}], "h": 375, "file": "imagenet_00738.jpg"}