{"w": 512, "species": "ALB", "selections": [{"tail": {"x": 65.89600967351875, "y": 56.84159613059251}, "head": {"x": 386.82466747279324, "y": 292.75937122128175}, "rect": {"x": 26, "y": 56, "h": 319, "w": 416}}], "h": 384, "file": "imagenet_00847.jpg"}