{"w": 500, "species": "ALB", "selections": [{"tail": {"x": 345.70802919708024, "y": 43.57664233576642}, "head": {"x": 10.65206812652068, "y": 264.3649635036496}, "rect": {"x": 102, "y": 0, "h": 288, "w": 398}}], "h": 334, "file": "imagenet_00664.jpg"}