{"w": 375, "species": "ALB", "selections": [{"tail": {"x": 50.05410279531109, "y": 27.337240757439133}, "head": {"x": 36.96302975653742, "y": 417.3742110009017}, "rect": {"x": 212, "y": 68, "h": 427, "w": 97}}], "h": 500, "file": "imagenet_00610.jpg"}