{"w": 1024, "species": "ALB", "selections": [{"tail": {"x": 352.94437726723095, "y": 352.4183796856106}, "head": {"x": 58.3857315598549, "y": 34.18984280532043}, "rect": {"x": 359, "y": 398, "h": 370, "w": 435}}], "h": 768, "file": "imagenet_00894.jpg"}