{"w": 286, "species": "ALB", "selections": [{"tail": {"x": 21.03155996393147, "y": 331.86564472497747}, "head": {"x": 31.238052299368803, "y": 14.536519386834987}, "rect": {"x": 81, "y": 81, "h": 343, "w": 72}}], "h": 424, "file": "imagenet_00880.jpg"}