{"w": 500, "species": "ALB", "selections": [{"tail": {"x": 400.23168654173764, "y": 74.94378194207836}, "head": {"x": 11.959114139693357, "y": 70.95741056218058}, "rect": {"x": 2, "y": 113, "h": 144, "w": 468}}], "h": 375, "file": "imagenet_00552.jpg"}