{"w": 500, "species": "ALB", "selections": [{"tail": {"x": 32.91704238052299, "y": 20.10369702434626}, "head": {"x": 61.415689810640224, "y": 232.84941388638416}, "rect": {"x": 214, "y": 112, "h": 245, "w": 94}}, {"tail": {"x": 39.613165013525695, "y": 24.532010820559062}, "head": {"x": 38.20559062218214, "y": 215.9621280432822}, "rect": {"x": 162, "y": 114, "h": 223, "w": 76}}], "h": 367, "file": "imagenet_00639.jpg"}