{"w": 500, "species": "ALB", "selections": [{"tail": {"x": 314.7970479704797, "y": 51.18081180811808}, "head": {"x": 4.206642066420664, "y": 116.38376383763838}, "rect": {"x": 61, "y": 82, "h": 157, "w": 380}}], "h": 375, "file": "imagenet_00780.jpg"}