{"w": 480, "species": "ALB", "selections": [{"tail": {"x": 101.30748422001804, "y": 53.54824165915239}, "head": {"x": 101.30748422001804, "y": 506.53742110009017}, "rect": {"x": 78, "y": 0, "h": 535, "w": 173}}], "h": 586, "file": "imagenet_00850.jpg"}