{"w": 375, "species": "ALB", "selections": [{"tail": {"x": 50.72317403065825, "y": 53.197475202885485}, "head": {"x": 48.24887285843102, "y": 329.39134355275024}, "rect": {"x": 88, "y": 71, "h": 343, "w": 113}}], "h": 500, "file": "imagenet_00758.jpg"}