{"w": 500, "species": "ALB", "selections": [{"tail": {"x": 35.95400340715503, "y": 130.23339011925043}, "head": {"x": 441.8347529812607, "y": 145.41396933560478}, "rect": {"x": 1, "y": 35, "h": 241, "w": 469}}], "h": 333, "file": "imagenet_00556.jpg"}