{"w": 500, "species": "ALB", "selections": [{"tail": {"x": 253.52357920193472, "y": 21.45707376058041}, "head": {"x": 20.466747279322853, "y": 114.21765417170496}, "rect": {"x": 218, "y": 99, "h": 124, "w": 273}}], "h": 298, "file": "imagenet_00774.jpg"}