{"w": 500, "species": "ALB", "selections": [{"tail": {"x": 56.25830258302583, "y": 189.9630996309963}, "head": {"x": 366.0442804428044, "y": 146.12546125461253}, "rect": {"x": 38, "y": 87, "h": 273, "w": 396}}], "h": 375, "file": "imagenet_00804.jpg"}