{"w": 500, "species": "ALB", "selections": [{"tail": {"x": 28.795620437956206, "y": 45.4330900243309}, "head": {"x": 213.72749391727496, "y": 60.15085158150852}, "rect": {"x": 113, "y": 173, "h": 117, "w": 263}}], "h": 375, "file": "imagenet_00714.jpg"}