{"w": 500, "species": "ALB", "selections": [{"tail": {"x": 115.09632224168126, "y": 3.4746059544658494}, "head": {"x": 125.08581436077058, "y": 339.6427320490368}, "rect": {"x": 106, "y": 3, "h": 346, "w": 248}}], "h": 350, "file": "imagenet_00721.jpg"}