{"w": 500, "species": "ALB", "selections": [{"tail": {"x": 42.709734513274334, "y": 123.78584070796461}, "head": {"x": 388.73097345132743, "y": 31.127433628318585}, "rect": {"x": 2, "y": 234, "h": 141, "w": 409}}, {"tail": {"x": 367.1964601769912, "y": 84.79292035398231}, "head": {"x": 58.92389380530974, "y": 52.4566371681416}, "rect": {"x": 49, "y": 134, "h": 140, "w": 406}}], "h": 375, "file": "imagenet_00647.jpg"}