{"w": 375, "species": "ALB", "selections": [{"tail": {"x": 46.65825067628494, "y": 20.29936880072137}, "head": {"x": 13.93688007213706, "y": 316.60955816050495}, "rect": {"x": 227, "y": 81, "h": 336, "w": 71}}, {"species": "ALB", "tail": {"x": 44.039675383228136, "y": 39.43552750225428}, "head": {"x": 45.440937781785394, "y": 206.78629395852118}, "rect": {"x": 57, "y": 76, "h": 222, "w": 94}}], "h": 500, "file": "imagenet_00634.jpg"}