{"w": 375, "species": "ALB", "selections": [{"tail": {"x": 58.27682596934175, "y": 30.708746618575294}, "head": {"x": 51.297565374211004, "y": 376.88007213706044}, "rect": {"x": 142, "y": 88, "h": 387, "w": 121}}], "h": 500, "file": "imagenet_00662.jpg"}