{"w": 375, "species": "ALB", "selections": [{"tail": {"x": 50.08118081180812, "y": 16.69372693726937}, "head": {"x": 143.50184501845018, "y": 294.06642066420665}, "rect": {"x": 87, "y": 66, "h": 316, "w": 174}}], "h": 500, "file": "imagenet_00802.jpg"}