{"w": 357, "species": "ALB", "selections": [{"tail": {"x": 332.156862745098, "y": 21.56862745098039}, "head": {"x": 52.19607843137255, "y": 449.92156862745094}, "rect": {"x": 5, "y": 4, "h": 461, "w": 352}}], "h": 500, "file": "imagenet_00748.jpg"}