{"w": 300, "species": "ALB", "selections": [{"tail": {"x": 19.37269372693727, "y": 105.5350553505535}, "head": {"x": 89.66789667896678, "y": 12.361623616236162}, "rect": {"x": 67, "y": 61, "h": 125, "w": 100}}], "h": 200, "file": "imagenet_00895.jpg"}