{"w": 352, "species": "ALB", "selections": [{"tail": {"x": 86.06672678088368, "y": 40.371505861136164}, "head": {"x": 101.59422903516682, "y": 475.14156898106404}, "rect": {"x": 84, "y": 3, "h": 492, "w": 189}}], "h": 500, "file": "imagenet_00616.jpg"}