{"w": 350, "species": "ALB", "selections": [{"tail": {"x": 279.7243047158404, "y": 20.44981862152358}, "head": {"x": 28.848851269649337, "y": 42.725513905683194}, "rect": {"x": 35, "y": 139, "h": 60, "w": 302}}], "h": 242, "file": "imagenet_00856.jpg"}