{"w": 500, "species": "ALB", "selections": [{"tail": {"x": 28.953771289537713, "y": 27.919708029197082}, "head": {"x": 385.18856447688563, "y": 221.28953771289537}, "rect": {"x": 12, "y": 145, "h": 247, "w": 425}}], "h": 401, "file": "imagenet_00737.jpg"}