{"w": 500, "species": "ALB", "selections": [{"tail": {"x": 11.025830258302584, "y": 154.36162361623616}, "head": {"x": 482.380073800738, "y": 40.428044280442805}, "rect": {"x": 0, "y": 113, "h": 212, "w": 498}}], "h": 334, "file": "imagenet_00743.jpg"}