{
    "file": "imagenet_00937.jpg",
    "h": 310,
    "selections": [
        {
            "head": {
                "x": 392.92346424974824,
                "y": 38.363544813695874
            },
            "rect": {
                "h": 204,
                "w": 401,
                "x": 34,
                "y": 34
            },
            "tail": {
                "x": 44.420946626384691,
                "y": 151.83887210473313
            }
        }
    ],
    "species": "ALB",
    "w": 440
}
