{"w": 500, "species": "ALB", "selections": [{"tail": {"x": 8.516814159292036, "y": 196.59646017699114}, "head": {"x": 366.2230088495575, "y": 55.35929203539823}, "rect": {"x": 77, "y": 105, "h": 251, "w": 401}}], "h": 400, "file": "imagenet_00531.jpg"}