{"w": 500, "species": "ALB", "selections": [{"tail": {"x": 43.45536519386835, "y": 36.43913435527502}, "head": {"x": 52.28223624887286, "y": 239.23083859332735}, "rect": {"x": 206, "y": 63, "h": 251, "w": 93}}], "h": 375, "file": "imagenet_00791.jpg"}