{"w": 520, "species": "ALB", "selections": [{"tail": {"x": 17.557436517533255, "y": 74.91172914147522}, "head": {"x": 457.0785973397824, "y": 276.2370012091899}, "rect": {"x": 0, "y": 232, "h": 312, "w": 484}}], "h": 693, "file": "imagenet_00887.jpg"}