{"w": 333, "species": "ALB", "selections": [{"species": "DOL", "tail": {"x": 78.14391143911439, "y": 75.80627306273063}, "head": {"x": 125.23062730627306, "y": 296.5461254612546}, "rect": {"x": 73, "y": 84, "h": 300, "w": 181}}], "h": 500, "file": "imagenet_00494.jpg"}