{"w": 500, "species": "ALB", "selections": [{"tail": {"x": 20.944649446494463, "y": 68.94280442804427}, "head": {"x": 466.8911439114391, "y": 82.03321033210331}, "rect": {"x": 27, "y": 169, "h": 180, "w": 473}}], "h": 375, "file": "imagenet_00816.jpg"}