{"w": 500, "species": "ALB", "selections": [{"tail": {"x": 61.85767097966728, "y": 69.02957486136783}, "head": {"x": 456.31238447319777, "y": 103.09611829944546}, "rect": {"x": 15, "y": 176, "h": 145, "w": 485}}], "h": 375, "file": "imagenet_00513.jpg"}