{"w": 500, "species": "ALB", "selections": [{"tail": {"x": 68.78960096735187, "y": 67.85368802902056}, "head": {"x": 366.8778718258767, "y": 76.74486094316808}, "rect": {"x": 15, "y": 184, "h": 126, "w": 387}}, {"tail": {"x": 57.48609431680774, "y": 16.992744860943166}, "head": {"x": 250.9141475211608, "y": 95.81015719467956}, "rect": {"x": 100, "y": 109, "h": 115, "w": 299}}], "h": 375, "file": "imagenet_00782.jpg"}