{"w": 500, "species": "ALB", "selections": [{"tail": {"x": 404.9294403892944, "y": 45.057177615571774}, "head": {"x": 7.021897810218978, "y": 304.2822384428224}, "rect": {"x": 0, "y": 5, "h": 332, "w": 481}}], "h": 337, "file": "imagenet_00673.jpg"}