{"w": 375, "species": "ALB", "selections": [{"tail": {"x": 67.39044183949504, "y": 431.22091974752027}, "head": {"x": 72.84400360685302, "y": 30.384129846708746}, "rect": {"x": 24, "y": 68, "h": 432, "w": 151}}], "h": 500, "file": "imagenet_00443.jpg"}