{"w": 301, "species": "ALB", "selections": [{"tail": {"x": 20.01088270858525, "y": 24.789600967351873}, "head": {"x": 208.17291414752117, "y": 160.087061668682}, "rect": {"x": 19, "y": 7, "h": 189, "w": 247}}], "h": 200, "file": "imagenet_00865.jpg"}