{"w": 500, "species": "ALB", "selections": [{"tail": {"x": 5.080068143100511, "y": 160.86882453151617}, "head": {"x": 469.05962521294714, "y": 158.32879045996592}, "rect": {"x": 0, "y": 26, "h": 249, "w": 497}}], "h": 375, "file": "imagenet_00578.jpg"}