{"w": 500, "species": "ALB", "selections": [{"tail": {"x": 41.3180169286578, "y": 9.866989117291414}, "head": {"x": 223.54897218863363, "y": 33.30108827085852}, "rect": {"x": 140, "y": 173, "h": 52, "w": 255}}], "h": 375, "file": "imagenet_00818.jpg"}