{"w": 500, "species": "ALB", "selections": [{"species": "DOL", "tail": {"x": 31.738007380073803, "y": 166.11808118081183}, "head": {"x": 75.85608856088561, "y": 24.309963099631}, "rect": {"x": 241, "y": 187, "h": 188, "w": 122}}], "h": 375, "file": "imagenet_00473.jpg"}