{"w": 500, "species": "ALB", "selections": [{"tail": {"x": 306.76660988074957, "y": 216.24531516183984}, "head": {"x": 22.630323679727425, "y": 8.80068143100511}, "rect": {"x": 31, "y": 3, "h": 273, "w": 369}}], "h": 353, "file": "imagenet_00457.jpg"}