{"w": 500, "species": "ALB", "selections": [{"tail": {"x": 242.2433090024331, "y": 25.43065693430657}, "head": {"x": 46.29683698296837, "y": 42.38442822384428}, "rect": {"x": 124, "y": 180, "h": 54, "w": 268}}], "h": 332, "file": "imagenet_00726.jpg"}