{"w": 500, "species": "ALB", "selections": [{"tail": {"x": 34.4330900243309, "y": 68.27250608272506}, "head": {"x": 433.9756690997567, "y": 64.11678832116789}, "rect": {"x": 11, "y": 141, "h": 155, "w": 488}}], "h": 334, "file": "imagenet_00707.jpg"}