{"w": 375, "species": "ALB", "selections": [{"tail": {"x": 55.3751127141569, "y": 29.85662759242561}, "head": {"x": 39.298467087466186, "y": 267.4337240757439}, "rect": {"x": 123, "y": 128, "h": 283, "w": 96}}], "h": 500, "file": "imagenet_00597.jpg"}