{"w": 500, "species": "ALB", "selections": [{"tail": {"x": 30.08823529411765, "y": 73.27941176470588}, "head": {"x": 388.72058823529414, "y": 25.72058823529412}, "rect": {"x": 13, "y": 145, "h": 115, "w": 396}}], "h": 375, "file": "imagenet_00744.jpg"}