{"w": 500, "species": "ALB", "selections": [{"tail": {"x": 22.824778761061946, "y": 57.93982300884956}, "head": {"x": 468.7858407079646, "y": 239.66017699115042}, "rect": {"x": 4, "y": 24, "h": 303, "w": 496}}], "h": 375, "file": "imagenet_00622.jpg"}