{"w": 500, "species": "ALB", "selections": [{"tail": {"x": 482.3284132841328, "y": 67.85608856088561}, "head": {"x": 8.252767527675276, "y": 92.61439114391143}, "rect": {"x": 3, "y": 83, "h": 246, "w": 497}}], "h": 334, "file": "imagenet_00811.jpg"}