{"w": 1536, "species": "ALB", "selections": [{"tail": {"x": 99.8379685610641, "y": 225.55985489721888}, "head": {"x": 1414.3712212817413, "y": 269.9322853688029}, "rect": {"x": 7, "y": 140, "h": 498, "w": 1529}}], "h": 1024, "file": "imagenet_00882.jpg"}