{"w": 600, "species": "ALB", "selections": [{"tail": {"x": 90.32461677186654, "y": 598.1875563570785}, "head": {"x": 82.93958521190261, "y": 21.018935978358883}, "rect": {"x": 325, "y": 98, "h": 630, "w": 165}}], "h": 800, "file": "imagenet_00886.jpg"}