{"w": 500, "species": "ALB", "selections": [{"tail": {"x": 44.50184501845018, "y": 178.67158671586716}, "head": {"x": 320.81180811808116, "y": 26.568265682656826}, "rect": {"x": 115, "y": 147, "h": 227, "w": 360}}], "h": 375, "file": "imagenet_00498.jpg"}