{"w": 500, "species": "ALB", "selections": [{"tail": {"x": 49.669099756691, "y": 46.798053527980535}, "head": {"x": 215.04136253041364, "y": 22.9683698296837}, "rect": {"x": 102, "y": 176, "h": 73, "w": 236}}], "h": 375, "file": "imagenet_00718.jpg"}