{"w": 500, "species": "ALB", "selections": [{"tail": {"x": 433.87610619469024, "y": 74.98053097345132}, "head": {"x": 20.219469026548673, "y": 250.21592920353982}, "rect": {"x": 13, "y": 52, "h": 286, "w": 476}}], "h": 355, "file": "imagenet_00628.jpg"}