{"w": 500, "species": "ALB", "selections": [{"species": "SHARK", "tail": {"x": 355.42435424354244, "y": 99.18819188191881}, "head": {"x": 4.132841328413284, "y": 129.7712177121771}, "rect": {"x": 20, "y": 75, "h": 179, "w": 448}}], "h": 375, "file": "imagenet_00807.jpg"}