{"w": 213, "species": "ALB", "selections": [{"tail": {"x": 43.50405770964833, "y": 165.24797114517582}, "head": {"x": 35.24165915238954, "y": 12.140667267808837}, "rect": {"x": 4, "y": 137, "h": 187, "w": 68}}], "h": 328, "file": "imagenet_00633.jpg"}