{"w": 375, "species": "ALB", "selections": [{"tail": {"x": 33.197475202885485, "y": 298.214607754734}, "head": {"x": 35.44815148782687, "y": 26.445446348061317}, "rect": {"x": 71, "y": 145, "h": 312, "w": 78}}], "h": 500, "file": "imagenet_00693.jpg"}