{"w": 375, "species": "ALB", "selections": [{"tail": {"x": 201.51571164510167, "y": 35.046210720887245}, "head": {"x": 24.970425138632162, "y": 371.9279112754159}, "rect": {"x": 126, "y": 101, "h": 389, "w": 237}}], "h": 500, "file": "imagenet_00522.jpg"}