{"w": 500, "species": "ALB", "selections": [{"tail": {"x": 276.87226277372264, "y": 65.9963503649635}, "head": {"x": 23.43065693430657, "y": 18.744525547445257}, "rect": {"x": 96, "y": 121, "h": 102, "w": 321}}], "h": 375, "file": "imagenet_00674.jpg"}