{"w": 640, "species": "ALB", "selections": [{"tail": {"x": 543.1197097944378, "y": 72.17775090689238}, "head": {"x": 26.44135429262394, "y": 290.1402660217654}, "rect": {"x": 49, "y": 66, "h": 342, "w": 591}}], "h": 480, "file": "imagenet_00923.jpg"}