{"w": 500, "species": "ALB", "selections": [{"tail": {"x": 65.86715867158672, "y": 135.05535055350555}, "head": {"x": 257.93357933579335, "y": 49.2619926199262}, "rect": {"x": 100, "y": 34, "h": 194, "w": 300}}], "h": 301, "file": "imagenet_00836.jpg"}