{"w": 500, "species": "ALB", "selections": [{"tail": {"x": 37.097944377267225, "y": 20.546553808948005}, "head": {"x": 465.15114873035066, "y": 41.66384522370012}, "rect": {"x": 14, "y": 223, "h": 102, "w": 472}}], "h": 375, "file": "imagenet_00839.jpg"}