{"w": 500, "species": "ALB", "selections": [{"tail": {"x": 395.7647058823529, "y": 77.33333333333333}, "head": {"x": 17.058823529411764, "y": 183.66666666666666}, "rect": {"x": 14, "y": 30, "h": 211, "w": 464}}], "h": 296, "file": "imagenet_00757.jpg"}