{"w": 500, "species": "ALB", "selections": [{"tail": {"x": 138.85539215686273, "y": 29.723039215686274}, "head": {"x": 41.479166666666664, "y": 183.66176470588235}, "rect": {"x": 135, "y": 91, "h": 227, "w": 181}}, {"tail": {"x": 227.57598039215685, "y": 24.183823529411764}, "head": {"x": 26.044117647058822, "y": 208.04289215686273}, "rect": {"x": 27, "y": 56, "h": 245, "w": 253}}], "h": 338, "file": "imagenet_00760.jpg"}