{"w": 500, "species": "ALB", "selections": [{"tail": {"x": 466.82282793867125, "y": 80.14480408858604}, "head": {"x": 1.6524701873935266, "y": 186.7291311754685}, "rect": {"x": 0, "y": 76, "h": 217, "w": 485}}], "h": 375, "file": "imagenet_00604.jpg"}