{"w": 375, "species": "ALB", "selections": [{"tail": {"x": 15.870848708487085, "y": 57.96309963099631}, "head": {"x": 367.09963099630994, "y": 43.47232472324723}, "rect": {"x": 1, "y": 261, "h": 118, "w": 374}}], "h": 500, "file": "imagenet_00481.jpg"}