{"w": 333, "species": "ALB", "selections": [{"tail": {"x": 118.14337240757439, "y": 11.515779981965734}, "head": {"x": 64.82957619477006, "y": 464.04328223624884}, "rect": {"x": 99, "y": 0, "h": 473, "w": 175}}], "h": 500, "file": "imagenet_00669.jpg"}