{"w": 412, "species": "ALB", "selections": [{"tail": {"x": 87.27862939585212, "y": 35.776375112714156}, "head": {"x": 89.63751127141569, "y": 426.1713255184851}, "rect": {"x": 86, "y": 0, "h": 436, "w": 165}}], "h": 436, "file": "imagenet_00668.jpg"}