{"w": 333, "species": "ALB", "selections": [{"tail": {"x": 86.83474576271188, "y": 71.82627118644068}, "head": {"x": 199.75564971751413, "y": 310.17514124293785}, "rect": {"x": 57, "y": 109, "h": 320, "w": 253}}], "h": 500, "file": "imagenet_00432.jpg"}