{"w": 500, "species": "ALB", "selections": [{"tail": {"x": 14.017699115044246, "y": 69.30973451327434}, "head": {"x": 402.61946902654864, "y": 88.7787610619469}, "rect": {"x": 20, "y": 62, "h": 145, "w": 440}}], "h": 375, "file": "imagenet_00607.jpg"}