{"w": 500, "species": "ALB", "selections": [{"tail": {"x": 5.755474452554744, "y": 25.142335766423358}, "head": {"x": 212.34671532846713, "y": 168.42335766423358}, "rect": {"x": 121, "y": 64, "h": 183, "w": 249}}], "h": 332, "file": "imagenet_00723.jpg"}