{"w": 320, "species": "ALB", "selections": [{"tail": {"x": 18.65193868349865, "y": 180.8349864743012}, "head": {"x": 26.467989179440938, "y": 5.862037871956718}, "rect": {"x": 175, "y": 43, "h": 197, "w": 57}}], "h": 240, "file": "imagenet_00846.jpg"}