{"w": 500, "species": "ALB", "selections": [{"tail": {"x": 34.188564476885645, "y": 149.8199513381995}, "head": {"x": 157.44160583941607, "y": 24.60705596107056}, "rect": {"x": 240, "y": 114, "h": 214, "w": 179}}, {"tail": {"x": 256.83454987834546, "y": 16.869829683698295}, "head": {"x": 16.869829683698295, "y": 113.61313868613138}, "rect": {"x": 113, "y": 49, "h": 137, "w": 283}}, {"tail": {"x": 205.5669099756691, "y": 26.987834549878347}, "head": {"x": 1.7226277372262773, "y": 70.62773722627738}, "rect": {"x": 0, "y": 54, "h": 96, "w": 236}}], "h": 375, "file": "imagenet_00700.jpg"}