{"w": 500, "species": "ALB", "selections": [{"tail": {"x": 26.44916820702403, "y": 91.60443622920518}, "head": {"x": 334.1626617375231, "y": 117.40850277264325}, "rect": {"x": 90, "y": 135, "h": 202, "w": 349}}], "h": 375, "file": "imagenet_00520.jpg"}