{"w": 500, "species": "ALB", "selections": [{"tail": {"x": 44.7971145175834, "y": 215.48241659152387}, "head": {"x": 19.287646528403965, "y": 4.147880973850315}, "rect": {"x": 132, "y": 12, "h": 230, "w": 74}}, {"tail": {"x": 21.352569882777278, "y": 166.98376916140668}, "head": {"x": 26.690712353471596, "y": 22.019837691614068}, "rect": {"x": 195, "y": 11, "h": 185, "w": 40}}, {"tail": {"x": 12.832281334535617, "y": 88.02705139765554}, "head": {"x": 18.348963029756536, "y": 11.273219116321009}, "rect": {"x": 225, "y": 10, "h": 133, "w": 36}}, {"tail": {"x": 21.40221402214022, "y": 76.8450184501845}, "head": {"x": 27.029520295202953, "y": 16.14391143911439}, "rect": {"x": 40, "y": 29, "h": 89, "w": 50}}], "h": 375, "file": "imagenet_00462.jpg"}