{"w": 500, "species": "ALB", "selections": [{"tail": {"x": 37.66543438077634, "y": 84.51756007393716}, "head": {"x": 474.03327171903885, "y": 106.5656192236599}, "rect": {"x": 3, "y": 92, "h": 168, "w": 497}}], "h": 276, "file": "imagenet_00509.jpg"}