{"w": 581, "species": "ALB", "selections": [{"tail": {"x": 267.5719557195572, "y": 281.21033210332104}, "head": {"x": 29.874538745387454, "y": 31.822878228782287}, "rect": {"x": 93, "y": 26, "h": 319, "w": 352}}], "h": 391, "file": "imagenet_00858.jpg"}