{"w": 115, "species": "ALB", "selections": [{"tail": {"x": 24.17712177121771, "y": 117.57564575645756}, "head": {"x": 67.78228782287823, "y": 11.22509225092251}, "rect": {"x": 16, "y": 1, "h": 139, "w": 78}}], "h": 170, "file": "imagenet_00889.jpg"}