{"w": 500, "species": "ALB", "selections": [{"tail": {"x": 459.51148730350667, "y": 102.67472793228536}, "head": {"x": 29.73639661426844, "y": 71.25513905683192}, "rect": {"x": 36, "y": 61, "h": 183, "w": 464}}], "h": 322, "file": "imagenet_00795.jpg"}