{"w": 280, "species": "ALB", "selections": [{"tail": {"x": 40.84580703336339, "y": 16.971145175834085}, "head": {"x": 37.39404869251578, "y": 300.5906221821461}, "rect": {"x": 116, "y": 101, "h": 319, "w": 87}}], "h": 500, "file": "imagenet_00741.jpg"}