{"w": 375, "species": "ALB", "selections": [{"tail": {"x": 60.03967538322813, "y": 37.34174932371506}, "head": {"x": 88.595130748422, "y": 395.01713255184853}, "rect": {"x": 87, "y": 94, "h": 406, "w": 118}}, {"species": "DOL", "tail": {"x": 32.80793507664563, "y": 28.023444544634806}, "head": {"x": 48.87015329125338, "y": 365.67177637511276}, "rect": {"x": 166, "y": 0, "h": 379, "w": 91}}], "h": 500, "file": "imagenet_00635.jpg"}