{"w": 500, "species": "ALB", "selections": [{"tail": {"x": 14.797909407665506, "y": 68.10220673635308}, "head": {"x": 127.13472706155632, "y": 12.411149825783971}, "rect": {"x": 279, "y": 166, "h": 91, "w": 137}}, {"tail": {"x": 21.955865272938446, "y": 78.137049941928}, "head": {"x": 123.34030197444832, "y": 16.951219512195124}, "rect": {"x": 184, "y": 181, "h": 93, "w": 139}}, {"tail": {"x": 23.29849012775842, "y": 65.94657375145181}, "head": {"x": 160.5226480836237, "y": 19.152148664343787}, "rect": {"x": 74, "y": 186, "h": 84, "w": 170}}], "h": 375, "file": "imagenet_00530.jpg"}