{"w": 500, "species": "ALB", "selections": [{"tail": {"x": 353.6176991150442, "y": 61.189380530973445}, "head": {"x": 10.672566371681414, "y": 32.017699115044245}, "rect": {"x": 64, "y": 135, "h": 106, "w": 402}}], "h": 357, "file": "imagenet_00557.jpg"}