{"w": 448, "species": "ALB", "selections": [{"tail": {"x": 26.24788391777509, "y": 117.84764207980653}, "head": {"x": 432.82224909310764, "y": 34.28295042321645}, "rect": {"x": 0, "y": 96, "h": 178, "w": 443}}], "h": 336, "file": "imagenet_00763.jpg"}