{"w": 498, "species": "ALB", "selections": [{"tail": {"x": 2.8948004836759367, "y": 116.2744860943168}, "head": {"x": 353.1656590084643, "y": 71.40507859733978}, "rect": {"x": 1, "y": 47, "h": 221, "w": 399}}], "h": 288, "file": "imagenet_00877.jpg"}