{"w": 500, "species": "ALB", "selections": [{"tail": {"x": 31.40667267808837, "y": 23.962128043282238}, "head": {"x": 41.41027953110911, "y": 237.99278629395855}, "rect": {"x": 299, "y": 89, "h": 258, "w": 55}}, {"tail": {"x": 21.826871055004506, "y": 21.706943192064923}, "head": {"x": 27.22362488728584, "y": 119.68800721370603}, "rect": {"x": 191, "y": 133, "h": 133, "w": 49}}, {"tail": {"x": 21.10009017132552, "y": 12.497745716862037}, "head": {"x": 25.807033363390442, "y": 171.88458070333633}, "rect": {"x": 129, "y": 128, "h": 180, "w": 51}}], "h": 375, "file": "imagenet_00436.jpg"}