{"w": 500, "species": "ALB", "selections": [{"tail": {"x": 270.2919708029197, "y": 35.25547445255474}, "head": {"x": 56.017031630170315, "y": 66.98540145985402}, "rect": {"x": 146, "y": 155, "h": 85, "w": 322}}], "h": 375, "file": "imagenet_00720.jpg"}