{"w": 356, "species": "ALB", "selections": [{"tail": {"x": 75.12776831345826, "y": 359.2844974446337}, "head": {"x": 156.3884156729131, "y": 34.75298126064736}, "rect": {"x": 6, "y": 105, "h": 395, "w": 300}}], "h": 500, "file": "imagenet_00456.jpg"}