{"w": 500, "species": "ALB", "selections": [{"tail": {"x": 4.169491525423729, "y": 197.35593220338984}, "head": {"x": 410.6949152542373, "y": 207.08474576271186}, "rect": {"x": 0, "y": 63, "h": 248, "w": 492}}], "h": 375, "file": "imagenet_00444.jpg"}