{"w": 492, "species": "ALB", "selections": [{"tail": {"x": 425.9667896678967, "y": 421.5110701107011}, "head": {"x": 30.29889298892989, "y": 39.210332103321036}, "rect": {"x": 9, "y": 4, "h": 463, "w": 483}}], "h": 500, "file": "imagenet_00488.jpg"}