{"w": 500, "species": "ALB", "selections": [{"tail": {"x": 441.82300884955754, "y": 57.52035398230089}, "head": {"x": 25.008849557522126, "y": 60.85486725663717}, "rect": {"x": 29, "y": 129, "h": 133, "w": 471}}], "h": 375, "file": "imagenet_00601.jpg"}