{"w": 500, "species": "ALB", "selections": [{"tail": {"x": 97.14480408858603, "y": 295.11413969335604}, "head": {"x": 399.618398637138, "y": 11.039182282793867}, "rect": {"x": 19, "y": 113, "h": 347, "w": 432}}], "h": 498, "file": "imagenet_00615.jpg"}