{"w": 500, "species": "ALB", "selections": [{"tail": {"x": 137.84588441331, "y": 115.21891418563922}, "head": {"x": 20.245183887915935, "y": 23.222416812609456}, "rect": {"x": 179, "y": 31, "h": 152, "w": 170}}], "h": 348, "file": "imagenet_00736.jpg"}