{"w": 500, "species": "ALB", "selections": [{"tail": {"x": 24.45993031358885, "y": 98.8850174216028}, "head": {"x": 143.83275261324042, "y": 15.679442508710801}, "rect": {"x": 267, "y": 137, "h": 125, "w": 180}}, {"tail": {"x": 51.41463414634146, "y": 86.7177700348432}, "head": {"x": 179.595818815331, "y": 10.662020905923345}, "rect": {"x": 123, "y": 125, "h": 114, "w": 204}}, {"tail": {"x": 40.685249709639955, "y": 79.27061556329849}, "head": {"x": 202.63879210220674, "y": 11.811846689895471}, "rect": {"x": 20, "y": 111, "h": 94, "w": 226}}, {"tail": {"x": 23.10104529616725, "y": 72.26480836236934}, "head": {"x": 153.61207897793264, "y": 21.126596980255517}, "rect": {"x": 8, "y": 95, "h": 90, "w": 170}}], "h": 375, "file": "imagenet_00471.jpg"}