{"w": 375, "species": "ALB", "selections": [{"tail": {"x": 75.64923354373309, "y": 302.30027051397656}, "head": {"x": 35.599639314697924, "y": 33.2263300270514}, "rect": {"x": 57, "y": 105, "h": 329, "w": 114}}], "h": 500, "file": "imagenet_00626.jpg"}