{"w": 500, "species": "ALB", "selections": [{"tail": {"x": 50.31792975970425, "y": 55.478743068391864}, "head": {"x": 311.5841035120148, "y": 234.17190388170056}, "rect": {"x": 51, "y": 62, "h": 268, "w": 349}}], "h": 375, "file": "imagenet_00524.jpg"}