{"w": 500, "species": "ALB", "selections": [{"tail": {"x": 29.717761557177617, "y": 74.77372262773723}, "head": {"x": 384.89294403892944, "y": 33.07299270072993}, "rect": {"x": 25, "y": 163, "h": 113, "w": 394}}], "h": 375, "file": "imagenet_00695.jpg"}