{"w": 500, "species": "ALB", "selections": [{"tail": {"x": 465.80073800738006, "y": 117.13653136531364}, "head": {"x": 28.369003690036898, "y": 45.75645756457565}, "rect": {"x": 4, "y": 164, "h": 179, "w": 496}}], "h": 375, "file": "imagenet_00823.jpg"}