{"w": 375, "species": "ALB", "selections": [{"tail": {"x": 113.65313653136532, "y": 27.675276752767527}, "head": {"x": 94.09594095940959, "y": 348.33948339483396}, "rect": {"x": 74, "y": 72, "h": 390, "w": 200}}], "h": 500, "file": "imagenet_00800.jpg"}