{"w": 374, "species": "ALB", "selections": [{"tail": {"x": 60.702434625789, "y": 17.503155996393147}, "head": {"x": 14.523895401262399, "y": 402.94499549143376}, "rect": {"x": 131, "y": 63, "h": 413, "w": 78}}], "h": 500, "file": "imagenet_00671.jpg"}