{"w": 333, "species": "ALB", "selections": [{"tail": {"x": 92.99829642248723, "y": 232.32027257240205}, "head": {"x": 50.534923339011925, "y": 38.603066439523}, "rect": {"x": 45, "y": 208, "h": 292, "w": 206}}], "h": 500, "file": "imagenet_00554.jpg"}