{"w": 500, "species": "ALB", "selections": [{"tail": {"x": 21.072551390568318, "y": 85.99879081015719}, "head": {"x": 448.21886336154773, "y": 108.77992744860943}, "rect": {"x": 7, "y": 45, "h": 162, "w": 471}}], "h": 307, "file": "imagenet_00872.jpg"}