{"w": 375, "species": "ALB", "selections": [{"tail": {"x": 194.28960817717206, "y": 39.465076660988075}, "head": {"x": 18.720613287904598, "y": 311.16695059625215}, "rect": {"x": 9, "y": 149, "h": 325, "w": 297}}], "h": 500, "file": "imagenet_00612.jpg"}