{"w": 500, "species": "ALB", "selections": [{"tail": {"x": 218.60245183887915, "y": 289.19789842381783}, "head": {"x": 37.00175131348511, "y": 20.935201401050787}, "rect": {"x": 111, "y": 6, "h": 340, "w": 278}}], "h": 357, "file": "imagenet_00694.jpg"}