{"w": 332, "species": "ALB", "selections": [{"tail": {"x": 137.8917944093778, "y": 426.58972046889085}, "head": {"x": 30.827772768259692, "y": 22.079350766456265}, "rect": {"x": 65, "y": 38, "h": 462, "w": 202}}], "h": 500, "file": "imagenet_00888.jpg"}