{"w": 500, "species": "ALB", "selections": [{"tail": {"x": 430.81180811808116, "y": 71.95571955719556}, "head": {"x": 51.660516605166045, "y": 141.1439114391144}, "rect": {"x": 0, "y": 156, "h": 207, "w": 500}}], "h": 375, "file": "imagenet_00801.jpg"}