{"w": 400, "species": "ALB", "selections": [{"tail": {"x": 353.50553505535055, "y": 144.64944649446494}, "head": {"x": 11.808118081180812, "y": 46.494464944649444}, "rect": {"x": 0, "y": 80, "h": 211, "w": 400}}], "h": 300, "file": "imagenet_00876.jpg"}