{"w": 220, "species": "ALB", "selections": [{"tail": {"x": 51.88191881918819, "y": 59.049815498154985}, "head": {"x": 140.96863468634686, "y": 325.62730627306274}, "rect": {"x": 22, "y": 0, "h": 336, "w": 185}}], "h": 376, "file": "imagenet_00915.jpg"}