{"w": 333, "species": "ALB", "selections": [{"tail": {"x": 262.33948339483396, "y": 25.060885608856086}, "head": {"x": 31.99261992619926, "y": 279.93542435424354}, "rect": {"x": 1, "y": 195, "h": 296, "w": 289}}], "h": 500, "file": "imagenet_00772.jpg"}