{"w": 500, "species": "ALB", "selections": [{"tail": {"x": 18.376383763837637, "y": 58.80442804428044}, "head": {"x": 488.81180811808116, "y": 50.535055350553506}, "rect": {"x": 2, "y": 175, "h": 133, "w": 498}}], "h": 355, "file": "imagenet_00486.jpg"}