{"w": 600, "species": "ALB", "selections": [{"tail": {"x": 383.37363966142686, "y": 83.25272067714631}, "head": {"x": 24.667472793228537, "y": 41.62636033857316}, "rect": {"x": 137, "y": 165, "h": 143, "w": 425}}], "h": 398, "file": "imagenet_00855.jpg"}