{"w": 350, "species": "ALB", "selections": [{"tail": {"x": 32.98016230838593, "y": 31.59152389540126}, "head": {"x": 42.006311992786294, "y": 364.8647430117222}, "rect": {"x": 179, "y": 0, "h": 385, "w": 91}}, {"tail": {"x": 41.61226330027051, "y": 32.83859332732191}, "head": {"x": 36.34806131650135, "y": 267.97294860234445}, "rect": {"x": 123, "y": 36, "h": 278, "w": 66}}], "h": 500, "file": "imagenet_00555.jpg"}