{"w": 500, "species": "ALB", "selections": [{"tail": {"x": 118.33390119250426, "y": 130.58432708688244}, "head": {"x": 17.463373083475297, "y": 11.989778534923339}, "rect": {"x": 198, "y": 92, "h": 166, "w": 153}}], "h": 335, "file": "imagenet_00596.jpg"}