{"w": 500, "species": "ALB", "selections": [{"tail": {"x": 486.1226575809199, "y": 125.56047700170357}, "head": {"x": 15.270868824531517, "y": 124.71209540034071}, "rect": {"x": 2, "y": 188, "h": 187, "w": 498}}], "h": 375, "file": "imagenet_00591.jpg"}