{"w": 520, "species": "ALB", "selections": [{"tail": {"x": 204.16974169741695, "y": 288.59778597785976}, "head": {"x": 36.93726937269373, "y": 10.95940959409594}, "rect": {"x": 101, "y": 4, "h": 316, "w": 220}}], "h": 353, "file": "imagenet_00842.jpg"}