{"w": 500, "species": "ALB", "selections": [{"tail": {"x": 24.166051660516604, "y": 56.169741697416974}, "head": {"x": 337.67158671586714, "y": 35.92250922509225}, "rect": {"x": 91, "y": 159, "h": 87, "w": 354}}], "h": 375, "file": "imagenet_00438.jpg"}