{"w": 538, "species": "ALB", "selections": [{"tail": {"x": 372.51027811366384, "y": 37.908101571946794}, "head": {"x": 28.30471584038694, "y": 183.9806529625151}, "rect": {"x": 52, "y": 89, "h": 216, "w": 418}}], "h": 379, "file": "imagenet_00860.jpg"}