{"w": 500, "species": "ALB", "selections": [{"tail": {"x": 43.50847457627118, "y": 159.91525423728814}, "head": {"x": 174.32203389830508, "y": 16.135593220338983}, "rect": {"x": 161, "y": 68, "h": 172, "w": 204}}], "h": 342, "file": "imagenet_00431.jpg"}