{"w": 500, "species": "ALB", "selections": [{"tail": {"x": 106.49063032367974, "y": 81.11413969335605}, "head": {"x": 26.282793867120954, "y": 18.126064735945487}, "rect": {"x": 222, "y": 65, "h": 99, "w": 133}}], "h": 333, "file": "imagenet_00541.jpg"}