{"w": 500, "species": "ALB", "selections": [{"tail": {"x": 165.0452961672474, "y": 49.247386759581886}, "head": {"x": 6.4332171893147505, "y": 13.75377468060395}, "rect": {"x": 260, "y": 120, "h": 80, "w": 191}}, {"species": "DOL", "tail": {"x": 101.79790940766551, "y": 89.07317073170732}, "head": {"x": 20.23693379790941, "y": 21.61672473867596}, "rect": {"x": 193, "y": 102, "h": 110, "w": 132}}, {"tail": {"x": 12.878048780487804, "y": 43.00348432055749}, "head": {"x": 189.49128919860627, "y": 22.306620209059233}, "rect": {"x": 8, "y": 106, "h": 67, "w": 198}}], "h": 327, "file": "imagenet_00699.jpg"}