{"w": 500, "species": "ALB", "selections": [{"tail": {"x": 427.9760147601476, "y": 225.52029520295204}, "head": {"x": 75.17343173431735, "y": 103.36346863468634}, "rect": {"x": 37, "y": 90, "h": 257, "w": 463}}], "h": 376, "file": "imagenet_00862.jpg"}