{"w": 500, "species": "ALB", "selections": [{"tail": {"x": 70.62546125461255, "y": 89.50553505535055}, "head": {"x": 341.9391143911439, "y": 103.49077490774908}, "rect": {"x": 76, "y": 144, "h": 168, "w": 379}}], "h": 375, "file": "imagenet_00454.jpg"}