{"w": 500, "species": "ALB", "selections": [{"tail": {"x": 29.630314232902034, "y": 88.04436229205176}, "head": {"x": 431.7560073937153, "y": 88.04436229205176}, "rect": {"x": 13, "y": 142, "h": 176, "w": 458}}], "h": 375, "file": "imagenet_00519.jpg"}