{"w": 500, "species": "ALB", "selections": [{"tail": {"x": 110.32281334535618, "y": 265.1433724075744}, "head": {"x": 41.601442741208295, "y": 21.853922452660054}, "rect": {"x": 242, "y": 41, "h": 292, "w": 163}}], "h": 333, "file": "imagenet_00753.jpg"}