{"w": 300, "species": "ALB", "selections": [{"tail": {"x": 51.4760147601476, "y": 170.6180811808118}, "head": {"x": 200.50738007380073, "y": 6.642066420664206}, "rect": {"x": 27, "y": 3, "h": 187, "w": 225}}], "h": 201, "file": "imagenet_00913.jpg"}