{"w": 500, "species": "ALB", "selections": [{"tail": {"x": 337.52398523985244, "y": 219.9520295202952}, "head": {"x": 13.870848708487086, "y": 26.42066420664207}, "rect": {"x": 33, "y": 48, "h": 231, "w": 358}}], "h": 402, "file": "imagenet_00777.jpg"}