{"w": 500, "species": "ALB", "selections": [{"tail": {"x": 3.476106194690266, "y": 120.79469026548674}, "head": {"x": 472.7504424778761, "y": 57.35575221238938}, "rect": {"x": 0, "y": 117, "h": 188, "w": 491}}], "h": 357, "file": "imagenet_00558.jpg"}