{"w": 333, "species": "ALB", "selections": [{"tail": {"x": 84.48692515779982, "y": 0.4400360685302074}, "head": {"x": 89.76735798016232, "y": 469.0784490532011}, "rect": {"x": 64, "y": 0, "h": 488, "w": 170}}], "h": 500, "file": "imagenet_00536.jpg"}