{"w": 500, "species": "ALB", "selections": [{"tail": {"x": 44.35766423357664, "y": 62.01459854014598}, "head": {"x": 322.5620437956204, "y": 89.57664233576642}, "rect": {"x": 48, "y": 142, "h": 134, "w": 354}}], "h": 375, "file": "imagenet_00719.jpg"}