{"w": 500, "species": "ALB", "selections": [{"tail": {"x": 407.5571955719557, "y": 57.85239852398524}, "head": {"x": 13.81549815498155, "y": 88.07380073800738}, "rect": {"x": 3, "y": 99, "h": 128, "w": 468}}], "h": 227, "file": "imagenet_00483.jpg"}