{"w": 375, "species": "ALB", "selections": [{"tail": {"x": 51.69522091974752, "y": 30.17312894499549}, "head": {"x": 41.98917944093778, "y": 229.7799819657349}, "rect": {"x": 144, "y": 159, "h": 234, "w": 82}}], "h": 500, "file": "imagenet_00786.jpg"}