{"w": 300, "species": "ALB", "selections": [{"tail": {"x": 17.412333736396615, "y": 73.13180169286578}, "head": {"x": 266.75695284159616, "y": 24.02902055622733}, "rect": {"x": 6, "y": 87, "h": 113, "w": 288}}], "h": 227, "file": "imagenet_00910.jpg"}