{"w": 500, "species": "ALB", "selections": [{"tail": {"x": 165.20681265206812, "y": 30.018248175182478}, "head": {"x": 8.302919708029197, "y": 159.88442822384428}, "rect": {"x": 148, "y": 164, "h": 171, "w": 175}}], "h": 375, "file": "imagenet_00685.jpg"}