{"w": 375, "species": "ALB", "selections": [{"tail": {"x": 104.49063032367972, "y": 232.55536626916523}, "head": {"x": 112.77342419080068, "y": 20.06984667802385}, "rect": {"x": 85, "y": 91, "h": 260, "w": 187}}], "h": 500, "file": "imagenet_00618.jpg"}