{"w": 500, "species": "ALB", "selections": [{"tail": {"x": 93.45008756567425, "y": 259.08231173380034}, "head": {"x": 348.6654991243433, "y": 18.69001751313485}, "rect": {"x": 111, "y": 11, "h": 306, "w": 368}}], "h": 396, "file": "imagenet_00715.jpg"}