{"w": 500, "species": "ALB", "selections": [{"tail": {"x": 38.56088560885609, "y": 62.46863468634687}, "head": {"x": 369.41328413284134, "y": 89.46125461254613}, "rect": {"x": 40, "y": 113, "h": 128, "w": 418}}], "h": 333, "file": "imagenet_00490.jpg"}