{"w": 500, "species": "ALB", "selections": [{"tail": {"x": 24.014159292035398, "y": 256.90619469026547}, "head": {"x": 229.26725663716815, "y": 24.014159292035398}, "rect": {"x": 38, "y": 63, "h": 294, "w": 256}}, {"tail": {"x": 51.82654867256637, "y": 182.03539823008848}, "head": {"x": 190.60176991150442, "y": 31.695575221238936}, "rect": {"x": 232, "y": 31, "h": 216, "w": 242}}], "h": 375, "file": "imagenet_00571.jpg"}