{"w": 375, "species": "ALB", "selections": [{"tail": {"x": 31.76375112714157, "y": 278.3507664562669}, "head": {"x": 31.206492335437332, "y": 26.46979260595131}, "rect": {"x": 203, "y": 126, "h": 309, "w": 66}}], "h": 500, "file": "imagenet_00688.jpg"}