{"w": 400, "species": "ALB", "selections": [{"tail": {"x": 40.38745387453874, "y": 103.53874538745387}, "head": {"x": 371.56457564575646, "y": 60.2140221402214}, "rect": {"x": 0, "y": 94, "h": 174, "w": 398}}], "h": 300, "file": "imagenet_00911.jpg"}