{"w": 500, "species": "ALB", "selections": [{"tail": {"x": 94.42248722316866, "y": 296.3918228279387}, "head": {"x": 174.6269165247019, "y": 0}, "rect": {"x": 141, "y": 14, "h": 361, "w": 214}}], "h": 375, "file": "imagenet_00640.jpg"}