{"w": 768, "species": "ALB", "selections": [{"tail": {"x": 545.4111245465538, "y": 29.82103990326481}, "head": {"x": 63.56590084643289, "y": 55.71825876662636}, "rect": {"x": 76, "y": 294, "h": 94, "w": 649}}], "h": 576, "file": "imagenet_00885.jpg"}