{"w": 500, "species": "ALB", "selections": [{"species": "DOL", "tail": {"x": 238.7269372693727, "y": 46.27306273062731}, "head": {"x": 42.066420664206646, "y": 131.98339483394835}, "rect": {"x": 104, "y": 64, "h": 170, "w": 285}}], "h": 375, "file": "imagenet_00474.jpg"}