{"w": 500, "species": "ALB", "selections": [{"tail": {"x": 44.06812652068126, "y": 48.88807785888078}, "head": {"x": 270.26155717761554, "y": 89.169099756691}, "rect": {"x": 102, "y": 147, "h": 112, "w": 283}}], "h": 375, "file": "imagenet_00683.jpg"}