{"w": 333, "species": "ALB", "selections": [{"tail": {"x": 59.71145175834084, "y": 46.51938683498647}, "head": {"x": 45.47790802524797, "y": 377.70964833183046}, "rect": {"x": 9, "y": 34, "h": 385, "w": 109}}], "h": 500, "file": "imagenet_00567.jpg"}