{"w": 375, "species": "ALB", "selections": [{"tail": {"x": 58.12443642921551, "y": 40.687105500450855}, "head": {"x": 73.18394950405771, "y": 274.50586113615867}, "rect": {"x": 36, "y": 130, "h": 293, "w": 110}}], "h": 500, "file": "imagenet_00655.jpg"}