{"w": 500, "species": "ALB", "selections": [{"tail": {"x": 53.22316865417377, "y": 161.40034071550255}, "head": {"x": 70.31516183986372, "y": 33.534923339011925}, "rect": {"x": 227, "y": 96, "h": 185, "w": 127}}], "h": 281, "file": "imagenet_00467.jpg"}