{"w": 500, "species": "ALB", "selections": [{"tail": {"x": 8.978813559322033, "y": 180.95762711864407}, "head": {"x": 399.2118644067796, "y": 114.65254237288136}, "rect": {"x": 0, "y": 86, "h": 220, "w": 489}}], "h": 375, "file": "imagenet_00445.jpg"}