{"w": 500, "species": "ALB", "selections": [{"tail": {"x": 30.819951338199512, "y": 70.94403892944038}, "head": {"x": 210.50608272506082, "y": 24.423357664233574}, "rect": {"x": 117, "y": 189, "h": 102, "w": 239}}], "h": 375, "file": "imagenet_00681.jpg"}