{"w": 357, "species": "ALB", "selections": [{"tail": {"x": 76.60955816050496, "y": 62.326420198376915}, "head": {"x": 74.44544634806131, "y": 463.98557258791703}, "rect": {"x": 144, "y": 5, "h": 480, "w": 140}}], "h": 500, "file": "imagenet_00606.jpg"}