{"w": 500, "species": "ALB", "selections": [{"tail": {"x": 53.56934306569343, "y": 142.75182481751824}, "head": {"x": 209.18978102189783, "y": 25.437956204379564}, "rect": {"x": 45, "y": 147, "h": 158, "w": 246}}], "h": 375, "file": "imagenet_00712.jpg"}