{"w": 500, "species": "ALB", "selections": [{"tail": {"x": 33.099756690997566, "y": 58.360097323600975}, "head": {"x": 341.8856447688565, "y": 100.17031630170317}, "rect": {"x": 23, "y": 76, "h": 166, "w": 358}}], "h": 375, "file": "imagenet_00650.jpg"}