{"w": 500, "species": "ALB", "selections": [{"tail": {"x": 31.23344947735192, "y": 25.44947735191638}, "head": {"x": 289.5842044134727, "y": 249.48199767711964}, "rect": {"x": 130, "y": 53, "h": 301, "w": 332}}], "h": 375, "file": "imagenet_00717.jpg"}