{"w": 500, "species": "ALB", "selections": [{"tail": {"x": 40.959292035398235, "y": 48.0212389380531}, "head": {"x": 238.22300884955754, "y": 42.3716814159292}, "rect": {"x": 190, "y": 275, "h": 79, "w": 266}}], "h": 375, "file": "imagenet_00532.jpg"}