{"w": 500, "species": "ALB", "selections": [{"tail": {"x": 431.42579075425795, "y": 143.99391727493918}, "head": {"x": 32.80170316301703, "y": 104.52068126520682}, "rect": {"x": 43, "y": 58, "h": 274, "w": 457}}], "h": 332, "file": "imagenet_00672.jpg"}