{"w": 500, "species": "ALB", "selections": [{"tail": {"x": 443.1341911764706, "y": 95.54227941176471}, "head": {"x": 23.65808823529412, "y": 67.33455882352942}, "rect": {"x": 5, "y": 62, "h": 155, "w": 495}}], "h": 240, "file": "imagenet_00507.jpg"}