{"w": 367, "species": "ALB", "selections": [{"tail": {"x": 187.5461254612546, "y": 219.92250922509223}, "head": {"x": 11.450184501845017, "y": 8.686346863468634}, "rect": {"x": 69, "y": 4, "h": 237, "w": 214}}], "h": 250, "file": "imagenet_00878.jpg"}