{"w": 500, "species": "ALB", "selections": [{"tail": {"x": 35.046210720887245, "y": 55.19778188539741}, "head": {"x": 143.1053604436229, "y": 18.10720887245841}, "rect": {"x": 226, "y": 150, "h": 91, "w": 158}}, {"tail": {"x": 25.31423290203327, "y": 72.28280961182995}, "head": {"x": 155.5452865064695, "y": 19.51940850277264}, "rect": {"x": 119, "y": 140, "h": 104, "w": 165}}], "h": 375, "file": "imagenet_00529.jpg"}