{"w": 500, "species": "ALB", "selections": [{"tail": {"x": 13.70879120879121, "y": 106.01465201465201}, "head": {"x": 487.11904761904765, "y": 82.25274725274726}, "rect": {"x": 0, "y": 107, "h": 174, "w": 499}}], "h": 339, "file": "imagenet_00504.jpg"}