{"w": 1536, "species": "ALB", "selections": [{"tail": {"x": 304.15238954012625, "y": 119.21550946798918}, "head": {"x": 398.91343552750226, "y": 1684.3011722272317}, "rect": {"x": 281, "y": 239, "h": 1695, "w": 587}}], "h": 2048, "file": "imagenet_00927.jpg"}