{"w": 500, "species": "ALB", "selections": [{"species": "YFT", "tail": {"x": 24.639902676399025, "y": 122.5985401459854}, "head": {"x": 486.7883211678832, "y": 180.89294403892944}, "rect": {"x": 5, "y": 124, "h": 251, "w": 494}}], "h": 375, "file": "imagenet_00652.jpg"}