{"w": 500, "species": "ALB", "selections": [{"tail": {"x": 40.685302073940484, "y": 200.6717763751127}, "head": {"x": 75.01352569882776, "y": 28.818755635707845}, "rect": {"x": 248, "y": 106, "h": 235, "w": 125}}], "h": 375, "file": "imagenet_00813.jpg"}