{"w": 500, "species": "ALB", "selections": [{"tail": {"x": 124.5310734463277, "y": 205.12711864406782}, "head": {"x": 38.11581920903955, "y": 7.855932203389831}, "rect": {"x": 129, "y": 81, "h": 231, "w": 206}}], "h": 380, "file": "imagenet_00446.jpg"}