{"w": 375, "species": "ALB", "selections": [{"tail": {"x": 58.38773669972949, "y": 233.80703336339045}, "head": {"x": 60.948602344454464, "y": 19.46257889990983}, "rect": {"x": 40, "y": 148, "h": 284, "w": 114}}], "h": 500, "file": "imagenet_00608.jpg"}