{"w": 500, "species": "ALB", "selections": [{"tail": {"x": 29.483394833948342, "y": 171.35055350553506}, "head": {"x": 58.79335793357934, "y": 18.03690036900369}, "rect": {"x": 130, "y": 146, "h": 187, "w": 94}}, {"tail": {"x": 35.95942290351668, "y": 189.6907123534716}, "head": {"x": 30.06131650135257, "y": 14.079350766456267}, "rect": {"x": 284, "y": 120, "h": 211, "w": 85}}], "h": 333, "file": "imagenet_00451.jpg"}