{"w": 500, "species": "ALB", "selections": [{"tail": {"x": 11.048661800486617, "y": 229.11435523114355}, "head": {"x": 455.90267639902675, "y": 51.75425790754257}, "rect": {"x": 0, "y": 34, "h": 290, "w": 478}}], "h": 333, "file": "imagenet_00697.jpg"}