{"w": 398, "species": "ALB", "selections": [{"tail": {"x": 81.93868349864744, "y": 46.64201983769162}, "head": {"x": 97.48602344454464, "y": 456.3354373309288}, "rect": {"x": 71, "y": 4, "h": 466, "w": 152}}], "h": 500, "file": "imagenet_00477.jpg"}