{"w": 500, "species": "ALB", "selections": [{"tail": {"x": 41.6283185840708, "y": 178.4070796460177}, "head": {"x": 247.2920353982301, "y": 38.15929203539823}, "rect": {"x": 111, "y": 87, "h": 214, "w": 280}}], "h": 375, "file": "imagenet_00551.jpg"}