{"w": 500, "species": "ALB", "selections": [{"species": "DOL", "tail": {"x": 321.92844974446336, "y": 102.1243611584327}, "head": {"x": 33.1396933560477, "y": 50.72402044293015}, "rect": {"x": 45, "y": 112, "h": 156, "w": 397}}], "h": 336, "file": "imagenet_00492.jpg"}