{"w": 500, "species": "ALB", "selections": [{"tail": {"x": 27.72693726937269, "y": 158.20664206642064}, "head": {"x": 430.5830258302583, "y": 128.03321033210332}, "rect": {"x": 20, "y": 35, "h": 194, "w": 442}}], "h": 375, "file": "imagenet_00820.jpg"}