{"w": 500, "species": "ALB", "selections": [{"tail": {"x": 334.3100511073254, "y": 342.5553662691653}, "head": {"x": 12.742759795570699, "y": 7.495741056218058}, "rect": {"x": 60, "y": 2, "h": 373, "w": 440}}], "h": 375, "file": "imagenet_00539.jpg"}