{"w": 500, "species": "ALB", "selections": [{"tail": {"x": 40.99270072992701, "y": 94.63746958637469}, "head": {"x": 387.65936739659367, "y": 49.59610705596107}, "rect": {"x": 64, "y": 140, "h": 149, "w": 416}}], "h": 375, "file": "imagenet_00703.jpg"}