{"w": 500, "species": "ALB", "selections": [{"tail": {"x": 3.0229746070133015, "y": 69.52841596130592}, "head": {"x": 468.5610640870617, "y": 214.63119709794438}, "rect": {"x": 0, "y": 43, "h": 257, "w": 500}}], "h": 375, "file": "imagenet_00799.jpg"}