{"w": 500, "species": "ALB", "selections": [{"tail": {"x": 274.9815498154981, "y": 53.20295202952029}, "head": {"x": 28.095940959409592, "y": 49.018450184501845}, "rect": {"x": 47, "y": 158, "h": 90, "w": 324}}], "h": 341, "file": "imagenet_00841.jpg"}