{"w": 303, "species": "ALB", "selections": [{"tail": {"x": 83.0658250676285, "y": 15.12984670874662}, "head": {"x": 48.0595130748422, "y": 322.17673579801624}, "rect": {"x": 72, "y": 93, "h": 329, "w": 129}}], "h": 432, "file": "imagenet_00901.jpg"}