{"w": 640, "species": "ALB", "selections": [{"tail": {"x": 70.02660217654172, "y": 234.496977025393}, "head": {"x": 372.7073760580411, "y": 37.77750906892383}, "rect": {"x": 249, "y": 36, "h": 270, "w": 381}}], "h": 470, "file": "imagenet_00932.jpg"}