{"w": 500, "species": "ALB", "selections": [{"tail": {"x": 212.6405451448041, "y": 312.23168654173764}, "head": {"x": 31.761499148211247, "y": 4.844974446337309}, "rect": {"x": 96, "y": 3, "h": 330, "w": 316}}], "h": 333, "file": "imagenet_00540.jpg"}