{"w": 375, "species": "ALB", "selections": [{"tail": {"x": 116.190036900369, "y": 41.09778597785978}, "head": {"x": 201.429889298893, "y": 364.8062730627306}, "rect": {"x": 42, "y": 60, "h": 404, "w": 275}}], "h": 500, "file": "imagenet_00746.jpg"}