{"w": 500, "species": "ALB", "selections": [{"tail": {"x": 401.1704957678356, "y": 44.8174123337364}, "head": {"x": 18.582829504232166, "y": 201.6783555018138}, "rect": {"x": 48, "y": 4, "h": 209, "w": 452}}], "h": 224, "file": "imagenet_00771.jpg"}