{"w": 500, "species": "ALB", "selections": [{"tail": {"x": 475.92819614711027, "y": 104.89492119089316}, "head": {"x": 20.805604203152363, "y": 147.37302977232923}, "rect": {"x": 5, "y": 92, "h": 217, "w": 495}}], "h": 375, "file": "imagenet_00687.jpg"}