{"w": 500, "species": "ALB", "selections": [{"tail": {"x": 54.543689320388346, "y": 123.49514563106796}, "head": {"x": 387.9805825242718, "y": 51.45631067961165}, "rect": {"x": 0, "y": 102, "h": 182, "w": 424}}], "h": 375, "file": "imagenet_00867.jpg"}