{"w": 233, "species": "ALB", "selections": [{"tail": {"x": 116.15509467989179, "y": 10.495942290351667}, "head": {"x": 28.688908926961226, "y": 369.107303877367}, "rect": {"x": 13, "y": 6, "h": 388, "w": 171}}], "h": 500, "file": "imagenet_00781.jpg"}