{"w": 413, "species": "ALB", "selections": [{"tail": {"x": 93.17132551848513, "y": 501.6564472497746}, "head": {"x": 184.5067628494139, "y": 26.16140667267809}, "rect": {"x": 0, "y": 41, "h": 509, "w": 236}}], "h": 550, "file": "imagenet_00918.jpg"}