{"w": 500, "species": "ALB", "selections": [{"tail": {"x": 49.7649063032368, "y": 241.76831345826236}, "head": {"x": 178.26235093696764, "y": 15.969335604770018}, "rect": {"x": 65, "y": 24, "h": 258, "w": 218}}], "h": 331, "file": "imagenet_00581.jpg"}