{"w": 448, "species": "ALB", "selections": [{"tail": {"x": 22.217712177121772, "y": 74.0590405904059}, "head": {"x": 436.12546125461256, "y": 129.1918819188192}, "rect": {"x": 2, "y": 54, "h": 251, "w": 446}}], "h": 336, "file": "imagenet_00790.jpg"}