{"w": 500, "species": "ALB", "selections": [{"tail": {"x": 433.87084870848713, "y": 139.79335793357936}, "head": {"x": 48.586715867158674, "y": 78.42066420664207}, "rect": {"x": 38, "y": 120, "h": 222, "w": 462}}], "h": 375, "file": "imagenet_00827.jpg"}