{"w": 500, "species": "ALB", "selections": [{"species": "YFT", "tail": {"x": 368.8077858880779, "y": 96.88564476885645}, "head": {"x": 22.48175182481752, "y": 46.56934306569343}, "rect": {"x": 57, "y": 122, "h": 174, "w": 440}}], "h": 327, "file": "imagenet_00742.jpg"}