{"w": 500, "species": "ALB", "selections": [{"tail": {"x": 382.5878003696858, "y": 249.70425138632163}, "head": {"x": 40.157116451016634, "y": 40.157116451016634}, "rect": {"x": 105, "y": 90, "h": 275, "w": 395}}], "h": 375, "file": "imagenet_00528.jpg"}