{"w": 500, "species": "ALB", "selections": [{"tail": {"x": 40.46889089269612, "y": 26.83498647430117}, "head": {"x": 53.453561767357975, "y": 225.9332732191163}, "rect": {"x": 96, "y": 96, "h": 240, "w": 81}}], "h": 375, "file": "imagenet_00840.jpg"}