{"w": 500, "species": "ALB", "selections": [{"tail": {"x": 49.038327526132406, "y": 107.04065040650407}, "head": {"x": 413.92566782810684, "y": 136.5691056910569}, "rect": {"x": 24, "y": 30, "h": 257, "w": 454}}], "h": 333, "file": "imagenet_00657.jpg"}