{"w": 500, "species": "ALB", "selections": [{"species": "YFT", "tail": {"x": 14.798065296251512, "y": 51.53808948004837}, "head": {"x": 381.68802902055626, "y": 127.5695284159613}, "rect": {"x": 0, "y": 178, "h": 158, "w": 422}}], "h": 375, "file": "imagenet_00819.jpg"}