{"w": 384, "species": "ALB", "selections": [{"tail": {"x": 19.71586715867159, "y": 56.11439114391144}, "head": {"x": 251.75645756457567, "y": 38.420664206642066}, "rect": {"x": 81, "y": 112, "h": 112, "w": 274}}], "h": 288, "file": "imagenet_00900.jpg"}