{"w": 300, "species": "ALB", "selections": [{"tail": {"x": 30.681695220919746, "y": 293.91343552750226}, "head": {"x": 47.88638412984671, "y": 17.20468890892696}, "rect": {"x": 35, "y": 62, "h": 318, "w": 84}}], "h": 400, "file": "imagenet_00861.jpg"}