{"w": 353, "species": "ALB", "selections": [{"tail": {"x": 104.59873760144274, "y": 9.017132551848512}, "head": {"x": 96.03246167718666, "y": 490.98286744815147}, "rect": {"x": 97, "y": 0, "h": 500, "w": 249}}], "h": 500, "file": "imagenet_00676.jpg"}