{"w": 500, "species": "ALB", "selections": [{"tail": {"x": 308.46848381601365, "y": 113.2793867120954}, "head": {"x": 4.647359454855196, "y": 62.73935264054514}, "rect": {"x": 1, "y": 167, "h": 164, "w": 341}}], "h": 375, "file": "imagenet_00479.jpg"}