{"w": 448, "species": "ALB", "selections": [{"tail": {"x": 3.2915129151291516, "y": 89.69372693726937}, "head": {"x": 428.71955719557195, "y": 129.1918819188192}, "rect": {"x": 2, "y": 74, "h": 199, "w": 446}}], "h": 336, "file": "imagenet_00789.jpg"}