{"w": 431, "species": "ALB", "selections": [{"tail": {"x": 328.7303506650544, "y": 42.134220072551386}, "head": {"x": 16.68681983071342, "y": 117.64207980652962}, "rect": {"x": 86, "y": 138, "h": 134, "w": 345}}], "h": 302, "file": "imagenet_00821.jpg"}