{"w": 375, "species": "ALB", "selections": [{"tail": {"x": 243.82300884955754, "y": 18.831858407079647}, "head": {"x": 22.79646017699115, "y": 109.52212389380531}, "rect": {"x": 88, "y": 105, "h": 148, "w": 280}}], "h": 286, "file": "imagenet_00619.jpg"}