{"w": 500, "species": "ALB", "selections": [{"tail": {"x": 464.5451448040886, "y": 169.15502555366268}, "head": {"x": 84.99829642248721, "y": 101.82964224872231}, "rect": {"x": 6, "y": 15, "h": 325, "w": 494}}], "h": 375, "file": "imagenet_00493.jpg"}