{"w": 384, "species": "ALB", "selections": [{"tail": {"x": 71.00450856627592, "y": 389.605049594229}, "head": {"x": 28.696122633002705, "y": 29.799819657348962}, "rect": {"x": 198, "y": 80, "h": 408, "w": 118}}], "h": 512, "file": "imagenet_00430.jpg"}