{"w": 500, "species": "ALB", "selections": [{"tail": {"x": 342.95042321644496, "y": 256.1608222490931}, "head": {"x": 18.409915356711004, "y": 8.41596130592503}, "rect": {"x": 61, "y": 11, "h": 323, "w": 435}}], "h": 334, "file": "imagenet_00770.jpg"}