{"w": 500, "species": "ALB", "selections": [{"tail": {"x": 396.9741697416974, "y": 57.638376383763834}, "head": {"x": 21.107011070110698, "y": 27.601476014760145}, "rect": {"x": 4, "y": 200, "h": 101, "w": 440}}], "h": 375, "file": "imagenet_00465.jpg"}