{"w": 500, "species": "ALB", "selections": [{"species": "YFT", "tail": {"x": 86.4812575574365, "y": 149.36033857315599}, "head": {"x": 46.30350665054413, "y": 19.638452237001207}, "rect": {"x": 211, "y": 118, "h": 192, "w": 149}}], "h": 335, "file": "imagenet_00765.jpg"}