{"w": 375, "species": "ALB", "selections": [{"tail": {"x": 96.66907123534716, "y": 424.6248872858431}, "head": {"x": 63.51397655545537, "y": 59.51938683498648}, "rect": {"x": 89, "y": 57, "h": 443, "w": 216}}], "h": 500, "file": "imagenet_00755.jpg"}