{"w": 500, "species": "ALB", "selections": [{"tail": {"x": 29.57920193470375, "y": 22.640870616686822}, "head": {"x": 255.25755743651754, "y": 201.21160822249095}, "rect": {"x": 20, "y": 73, "h": 225, "w": 302}}], "h": 332, "file": "imagenet_00835.jpg"}