{"w": 280, "species": "ALB", "selections": [{"tail": {"x": 254.93726937269372, "y": 62.730627306273064}, "head": {"x": 35.6309963099631, "y": 53.69741697416974}, "rect": {"x": 8, "y": 98, "h": 104, "w": 272}}], "h": 221, "file": "imagenet_00939.jpg"}