{"w": 480, "species": "ALB", "selections": [{"tail": {"x": 49.3901192504259, "y": 117.30153321976151}, "head": {"x": 426.76149914821127, "y": 197.5604770017036}, "rect": {"x": 8, "y": 39, "h": 248, "w": 453}}], "h": 360, "file": "imagenet_00450.jpg"}