{"w": 500, "species": "ALB", "selections": [{"tail": {"x": 33.67527675276752, "y": 98.21955719557195}, "head": {"x": 82.24538745387453, "y": 19.4280442804428}, "rect": {"x": 160, "y": 75, "h": 117, "w": 117}}], "h": 333, "file": "imagenet_00828.jpg"}