{"w": 341, "species": "ALB", "selections": [{"tail": {"x": 43.66269165247019, "y": 163.9335604770017}, "head": {"x": 210.7717206132879, "y": 23.8160136286201}, "rect": {"x": 0, "y": 111, "h": 185, "w": 233}}], "h": 500, "file": "imagenet_00644.jpg"}