{"w": 360, "species": "ALB", "selections": [{"tail": {"x": 311.74513274336283, "y": 47.02300884955752}, "head": {"x": 10.449557522123893, "y": 51.08672566371681}, "rect": {"x": 5, "y": 126, "h": 93, "w": 328}}], "h": 244, "file": "imagenet_00632.jpg"}