{"w": 500, "species": "ALB", "selections": [{"tail": {"x": 34.07664562669071, "y": 23.315599639314698}, "head": {"x": 44.63841298467087, "y": 213.22813345356178}, "rect": {"x": 176, "y": 88, "h": 221, "w": 74}}], "h": 375, "file": "imagenet_00560.jpg"}