{"w": 300, "species": "ALB", "selections": [{"tail": {"x": 67.87917042380523, "y": 39.298467087466186}, "head": {"x": 84.21100090171326, "y": 542.0126239855726}, "rect": {"x": 8, "y": 4, "h": 566, "w": 156}}], "h": 634, "file": "imagenet_00583.jpg"}