{"w": 500, "species": "ALB", "selections": [{"tail": {"x": 53.29390018484288, "y": 90.12939001848429}, "head": {"x": 395.78558225508317, "y": 124.61367837338263}, "rect": {"x": 32, "y": 108, "h": 183, "w": 424}}], "h": 375, "file": "imagenet_00527.jpg"}