{"w": 375, "species": "ALB", "selections": [{"tail": {"x": 52.62578899909829, "y": 50.402164111812446}, "head": {"x": 70.04418394950406, "y": 399.8818755635708}, "rect": {"x": 142, "y": 89, "h": 411, "w": 128}}, {"tail": {"x": 97.08710801393728, "y": 41.801393728223}, "head": {"x": 19.177700348432055, "y": 17.979094076655052}, "rect": {"x": 246, "y": 407, "h": 79, "w": 129}}], "h": 500, "file": "imagenet_00660.jpg"}