{"w": 240, "species": "ALB", "selections": [{"tail": {"x": 117.03690036900369, "y": 19.01107011070111}, "head": {"x": 35.05166051660517, "y": 253.97601476014762}, "rect": {"x": 6, "y": 51, "h": 262, "w": 161}}], "h": 320, "file": "imagenet_00871.jpg"}