{"w": 375, "species": "ALB", "selections": [{"tail": {"x": 63.19206492335437, "y": 21.857529305680792}, "head": {"x": 35.92425608656447, "y": 224.85121731289448}, "rect": {"x": 95, "y": 203, "h": 240, "w": 87}}], "h": 500, "file": "imagenet_00675.jpg"}