{"w": 800, "species": "ALB", "selections": [{"tail": {"x": 36.3855421686747, "y": 70.29025191675794}, "head": {"x": 721.0952902519167, "y": 52.92442497261774}, "rect": {"x": 19, "y": 220, "h": 132, "w": 755}}], "h": 600, "file": "imagenet_00921.jpg"}