{"w": 500, "species": "ALB", "selections": [{"tail": {"x": 30.766609880749577, "y": 304.08858603066443}, "head": {"x": 381.3628620102215, "y": 37.921635434412266}, "rect": {"x": 0, "y": 11, "h": 314, "w": 420}}], "h": 332, "file": "imagenet_00480.jpg"}