{"w": 375, "species": "ALB", "selections": [{"tail": {"x": 115.69676320272572, "y": 28.727427597955703}, "head": {"x": 163.31345826235093, "y": 339.61328790459964}, "rect": {"x": 120, "y": 5, "h": 350, "w": 231}}], "h": 500, "file": "imagenet_00470.jpg"}