{"w": 500, "species": "ALB", "selections": [{"tail": {"x": 34.56561922365989, "y": 134.80591497227357}, "head": {"x": 341.5083179297597, "y": 29.726432532347506}, "rect": {"x": 67, "y": 90, "h": 182, "w": 374}}], "h": 333, "file": "imagenet_00512.jpg"}