{"w": 600, "species": "ALB", "selections": [{"tail": {"x": 126.32642019837692, "y": 20.815148782687107}, "head": {"x": 137.09287646528404, "y": 739.2966636609559}, "rect": {"x": 204, "y": 4, "h": 796, "w": 249}}], "h": 800, "file": "imagenet_00422.jpg"}