{"w": 500, "species": "ALB", "selections": [{"tail": {"x": 358.06620209059236, "y": 94.0801393728223}, "head": {"x": 34.63646922183508, "y": 64.59233449477352}, "rect": {"x": 70, "y": 224, "h": 146, "w": 403}}], "h": 375, "file": "imagenet_00651.jpg"}