{"w": 500, "species": "ALB", "selections": [{"tail": {"x": 437.5061946902655, "y": 140.03362831858408}, "head": {"x": 52.21592920353982, "y": 159.0212389380531}, "rect": {"x": 53, "y": 19, "h": 280, "w": 447}}], "h": 375, "file": "imagenet_00599.jpg"}