{"w": 1520, "species": "ALB", "selections": [{"tail": {"x": 277.0919747520288, "y": 201.3985572587917}, "head": {"x": 305.4770063119928, "y": 1443.5816050495941}, "rect": {"x": 551, "y": 99, "h": 1499, "w": 531}}], "h": 2032, "file": "imagenet_00826.jpg"}