{"w": 500, "species": "ALB", "selections": [{"tail": {"x": 37.87985212569316, "y": 76.22735674676525}, "head": {"x": 226.3438077634011, "y": 27.591497227356747}, "rect": {"x": 36, "y": 177, "h": 108, "w": 253}}], "h": 375, "file": "imagenet_00514.jpg"}