{"w": 3008, "species": "ALB", "selections": [{"tail": {"x": 173.87269372693729, "y": 590.540590405904}, "head": {"x": 734.6512915129151, "y": 65.78966789667896}, "rect": {"x": 1181, "y": 478, "h": 742, "w": 849}}], "h": 2000, "file": "imagenet_00843.jpg"}