{"w": 500, "species": "ALB", "selections": [{"tail": {"x": 349.34317343173433, "y": 62.996309963099634}, "head": {"x": 32.2140221402214, "y": 29.350553505535057}, "rect": {"x": 112, "y": 200, "h": 120, "w": 388}}, {"species": "DOL", "tail": {"x": 4.295202952029521, "y": 112.74907749077491}, "head": {"x": 168.2287822878229, "y": 46.88929889298893}, "rect": {"x": 0, "y": 113, "h": 138, "w": 194}}], "h": 333, "file": "imagenet_00761.jpg"}