{"w": 500, "species": "ALB", "selections": [{"tail": {"x": 52.44280442804428, "y": 185.86346863468634}, "head": {"x": 374.81180811808116, "y": 172.75276752767527}, "rect": {"x": 36, "y": 100, "h": 263, "w": 418}}], "h": 375, "file": "imagenet_00803.jpg"}