{"w": 500, "species": "ALB", "selections": [{"tail": {"x": 63.80613165013526, "y": 32.04238052299369}, "head": {"x": 48.48151487826871, "y": 289.21731289449957}, "rect": {"x": 180, "y": 13, "h": 309, "w": 130}}], "h": 337, "file": "imagenet_00614.jpg"}