{"w": 375, "species": "ALB", "selections": [{"tail": {"x": 87.72227231740307, "y": 2.618575293056808}, "head": {"x": 27.058611361587015, "y": 480.50856627592424}, "rect": {"x": 119, "y": 0, "h": 484, "w": 163}}], "h": 500, "file": "imagenet_00609.jpg"}