{"w": 450, "species": "ALB", "selections": [{"tail": {"x": 410.7952029520295, "y": 75.98523985239852}, "head": {"x": 30.869003690036898, "y": 56.19741697416974}, "rect": {"x": 21, "y": 94, "h": 180, "w": 429}}], "h": 300, "file": "imagenet_00837.jpg"}