{"w": 864, "species": "ALB", "selections": [{"tail": {"x": 68.33009708737865, "y": 84.40776699029126}, "head": {"x": 783.7864077669904, "y": 92.44660194174757}, "rect": {"x": 16, "y": 267, "h": 203, "w": 828}}], "h": 648, "file": "imagenet_00936.jpg"}