{"w": 355, "species": "ALB", "selections": [{"tail": {"x": 35.56807935076646, "y": 25.05229936880072}, "head": {"x": 28.76375112714157, "y": 335.2678088367899}, "rect": {"x": 91, "y": 90, "h": 343, "w": 75}}, {"tail": {"x": 29.72678088367899, "y": 29.72678088367899}, "head": {"x": 34.23083859332732, "y": 321.88999098286746}, "rect": {"x": 206, "y": 94, "h": 333, "w": 62}}], "h": 500, "file": "imagenet_00691.jpg"}