{"w": 640, "species": "ALB", "selections": [{"tail": {"x": 64.17654171704957, "y": 25.347037484885128}, "head": {"x": 404.4740024183797, "y": 339.2188633615478}, "rect": {"x": 49, "y": 44, "h": 366, "w": 446}}], "h": 518, "file": "imagenet_00934.jpg"}