{"w": 693, "species": "ALB", "selections": [{"tail": {"x": 603.3240628778718, "y": 90.04836759371221}, "head": {"x": 16.37243047158404, "y": 94.96009673518743}, "rect": {"x": 13, "y": 177, "h": 138, "w": 677}}], "h": 548, "file": "imagenet_00903.jpg"}