{"w": 500, "species": "ALB", "selections": [{"tail": {"x": 21.42619926199262, "y": 45.913284132841326}, "head": {"x": 215.13653136531366, "y": 72.58671586715867}, "rect": {"x": 81, "y": 139, "h": 106, "w": 237}}], "h": 374, "file": "imagenet_00464.jpg"}