{"w": 500, "species": "ALB", "selections": [{"species": "DOL", "tail": {"x": 30.97745716862038, "y": 24.190261496844002}, "head": {"x": 46.11812443642921, "y": 184.29846708746618}, "rect": {"x": 226, "y": 172, "h": 193, "w": 72}}, {"tail": {"x": 19.97204688908927, "y": 23.89179440937782}, "head": {"x": 18.29215509467989, "y": 187.96122633002705}, "rect": {"x": 290, "y": 170, "h": 207, "w": 42}}, {"species": "DOL", "tail": {"x": 33.34896302975653, "y": 27.549143372407574}, "head": {"x": 36.06762849413886, "y": 191.03155996393147}, "rect": {"x": 315, "y": 174, "h": 201, "w": 77}}], "h": 391, "file": "imagenet_00904.jpg"}