{"w": 510, "species": "ALB", "selections": [{"tail": {"x": 14.679646017699115, "y": 179.4920353982301}, "head": {"x": 349.6424778761062, "y": 46.707964601769916}, "rect": {"x": 43, "y": 161, "h": 217, "w": 377}}], "h": 389, "file": "imagenet_00584.jpg"}