{"w": 2272, "species": "ALB", "selections": [{"tail": {"x": 1699.8935912938332, "y": 341.2998790810157}, "head": {"x": 96.88512696493349, "y": 145.32769044740024}, "rect": {"x": 451, "y": 559, "h": 553, "w": 1821}}, {"tail": {"x": 151.17291414752117, "y": 218.12091898428054}, "head": {"x": 1723.371221281741, "y": 161.97097944377268}, "rect": {"x": 0, "y": 1060, "h": 424, "w": 1786}}], "h": 1704, "file": "imagenet_00925.jpg"}