{"w": 500, "species": "ALB", "selections": [{"tail": {"x": 38.008515815085154, "y": 198.6374695863747}, "head": {"x": 120.13746958637469, "y": 6.684914841849149}, "rect": {"x": 208, "y": 157, "h": 206, "w": 157}}], "h": 363, "file": "imagenet_00670.jpg"}