{"w": 500, "species": "ALB", "selections": [{"tail": {"x": 51.84686346863468, "y": 126.43357933579335}, "head": {"x": 488.4520295202952, "y": 95.50738007380073}, "rect": {"x": 0, "y": 100, "h": 191, "w": 493}}], "h": 375, "file": "imagenet_00833.jpg"}