{"w": 500, "species": "ALB", "selections": [{"tail": {"x": 387.8230088495575, "y": 102.79646017699115}, "head": {"x": 41.27433628318584, "y": 79.43362831858407}, "rect": {"x": 60, "y": 165, "h": 179, "w": 440}}], "h": 375, "file": "imagenet_00537.jpg"}