{"w": 250, "species": "ALB", "selections": [{"tail": {"x": 25.45571955719557, "y": 71.92250922509226}, "head": {"x": 195.16051660516607, "y": 45.254612546125465}, "rect": {"x": 17, "y": 30, "h": 104, "w": 219}}], "h": 164, "file": "imagenet_00853.jpg"}