{"w": 400, "species": "ALB", "selections": [{"tail": {"x": 41.047970479704794, "y": 159.2509225092251}, "head": {"x": 59.101476014760145, "y": 11.782287822878228}, "rect": {"x": 37, "y": 19, "h": 204, "w": 103}}], "h": 374, "file": "imagenet_00912.jpg"}