{"w": 208, "species": "ALB", "selections": [{"tail": {"x": 169.68265682656826, "y": 68.3690036900369}, "head": {"x": 10.273062730627307, "y": 49.94833948339484}, "rect": {"x": 16, "y": 10, "h": 118, "w": 192}}], "h": 146, "file": "imagenet_00890.jpg"}