{"w": 300, "species": "ALB", "selections": [{"tail": {"x": 242.61992619926198, "y": 102.38560885608855}, "head": {"x": 20.380073800738007, "y": 24.261992619926197}, "rect": {"x": 28, "y": 81, "h": 128, "w": 263}}], "h": 225, "file": "imagenet_00426.jpg"}