{"w": 500, "species": "ALB", "selections": [{"tail": {"x": 431.0477876106195, "y": 65.57522123893806}, "head": {"x": 34.09911504424779, "y": 43.716814159292035}, "rect": {"x": 6, "y": 182, "h": 143, "w": 494}}], "h": 375, "file": "imagenet_00574.jpg"}