{"w": 500, "species": "ALB", "selections": [{"tail": {"x": 143.96678966789668, "y": 23.83763837638376}, "head": {"x": 18.19188191881919, "y": 95.35055350553505}, "rect": {"x": 209, "y": 68, "h": 124, "w": 170}}], "h": 375, "file": "imagenet_00452.jpg"}