{"w": 500, "species": "ALB", "selections": [{"tail": {"x": 44.78966789667897, "y": 54.669741697416974}, "head": {"x": 343.1678966789668, "y": 59.28044280442805}, "rect": {"x": 45, "y": 229, "h": 99, "w": 357}}], "h": 375, "file": "imagenet_00441.jpg"}