{"w": 500, "species": "ALB", "selections": [{"tail": {"x": 422.65682656826567, "y": 57.71217712177121}, "head": {"x": 13.579335793357933, "y": 59.40959409594095}, "rect": {"x": 1, "y": 87, "h": 102, "w": 460}}], "h": 234, "file": "imagenet_00485.jpg"}