{"w": 500, "species": "ALB", "selections": [{"tail": {"x": 17.39579684763573, "y": 130.05429071803854}, "head": {"x": 455.60420315236433, "y": 91.9492119089317}, "rect": {"x": 14, "y": 89, "h": 198, "w": 473}}], "h": 357, "file": "imagenet_00722.jpg"}