{"w": 500, "species": "ALB", "selections": [{"tail": {"x": 410.4779411764706, "y": 97.02205882352942}, "head": {"x": 29.31985294117647, "y": 47.97794117647059}, "rect": {"x": 65, "y": 141, "h": 159, "w": 435}}], "h": 339, "file": "imagenet_00751.jpg"}