{"w": 500, "species": "ALB", "selections": [{"tail": {"x": 397.16423357664235, "y": 43.839416058394164}, "head": {"x": 22.963503649635037, "y": 59.496350364963504}, "rect": {"x": 71, "y": 200, "h": 101, "w": 429}}], "h": 360, "file": "imagenet_00716.jpg"}