{"w": 333, "species": "ALB", "selections": [{"tail": {"x": 22.84761045987376, "y": 174.23624887285843}, "head": {"x": 54.42560865644725, "y": 17.46077547339946}, "rect": {"x": 124, "y": 199, "h": 206, "w": 78}}], "h": 500, "file": "imagenet_00562.jpg"}