{"w": 500, "species": "ALB", "selections": [{"tail": {"x": 102.28782287822878, "y": 128.77306273062732}, "head": {"x": 463.03505535055353, "y": 52.057195571955724}, "rect": {"x": 0, "y": 107, "h": 174, "w": 495}}], "h": 375, "file": "imagenet_00832.jpg"}