{"w": 500, "species": "ALB", "selections": [{"tail": {"x": 26.566909975669102, "y": 32.228710462287104}, "head": {"x": 153.7396593673966, "y": 127.39051094890512}, "rect": {"x": 303, "y": 236, "h": 139, "w": 179}}], "h": 375, "file": "imagenet_00684.jpg"}