{"w": 347, "species": "ALB", "selections": [{"tail": {"x": 10.026269702276707, "y": 60.55866900175131}, "head": {"x": 214.56217162872153, "y": 142.37302977232923}, "rect": {"x": 75, "y": 16, "h": 185, "w": 229}}], "h": 277, "file": "imagenet_00692.jpg"}