{"w": 500, "species": "ALB", "selections": [{"tail": {"x": 429.8053097345133, "y": 57.858407079646014}, "head": {"x": 63.64424778761062, "y": 38.021238938053095}, "rect": {"x": 33, "y": 136, "h": 101, "w": 467}}], "h": 333, "file": "imagenet_00593.jpg"}