{"w": 500, "species": "ALB", "selections": [{"tail": {"x": 34.697345132743365, "y": 66.72566371681417}, "head": {"x": 341.6353982300885, "y": 33.362831858407084}, "rect": {"x": 69, "y": 121, "h": 109, "w": 377}}], "h": 333, "file": "imagenet_00563.jpg"}