{"w": 375, "species": "ALB", "selections": [{"tail": {"x": 50.33814247069432, "y": 29.915238954012626}, "head": {"x": 67.59693417493237, "y": 303.75473399458974}, "rect": {"x": 173, "y": 106, "h": 319, "w": 104}}], "h": 500, "file": "imagenet_00547.jpg"}