{"w": 500, "species": "ALB", "selections": [{"tail": {"x": 72.37638376383764, "y": 133.55166051660515}, "head": {"x": 449.7675276752767, "y": 106.84132841328412}, "rect": {"x": 33, "y": 74, "h": 204, "w": 467}}], "h": 400, "file": "imagenet_00750.jpg"}