{"w": 500, "species": "ALB", "selections": [{"tail": {"x": 38.45620437956204, "y": 58.46593673965936}, "head": {"x": 226.67274939172748, "y": 34.39172749391727}, "rect": {"x": 88, "y": 182, "h": 85, "w": 257}}], "h": 375, "file": "imagenet_00682.jpg"}