{"w": 268, "species": "ALB", "selections": [{"tail": {"x": 39.33543733092876, "y": 30.121731289449954}, "head": {"x": 135.72497745716862, "y": 380.2425608656447}, "rect": {"x": 41, "y": 44, "h": 393, "w": 173}}], "h": 466, "file": "imagenet_00897.jpg"}