{"w": 400, "species": "ALB", "selections": [{"tail": {"x": 173.6949152542373, "y": 203.43502824858757}, "head": {"x": 10.440677966101696, "y": 11.073446327683616}, "rect": {"x": 25, "y": 5, "h": 232, "w": 224}}], "h": 267, "file": "imagenet_00428.jpg"}