{"w": 500, "species": "ALB", "selections": [{"tail": {"x": 485.4654867256637, "y": 136.07079646017698}, "head": {"x": 15.801769911504424, "y": 202.78938053097343}, "rect": {"x": 4, "y": 25, "h": 282, "w": 496}}], "h": 333, "file": "imagenet_00568.jpg"}