{"w": 375, "species": "ALB", "selections": [{"tail": {"x": 108.81180811808119, "y": 275.2509225092251}, "head": {"x": 59.77490774907749, "y": 34.361623616236166}, "rect": {"x": 50, "y": 173, "h": 325, "w": 194}}], "h": 500, "file": "imagenet_00829.jpg"}