{"w": 500, "species": "ALB", "selections": [{"tail": {"x": 29.48339483394834, "y": 177.76752767527674}, "head": {"x": 414.5018450184502, "y": 116.19926199261992}, "rect": {"x": 0, "y": 86, "h": 231, "w": 470}}], "h": 375, "file": "imagenet_00825.jpg"}