{"w": 500, "species": "ALB", "selections": [{"tail": {"x": 40.398523985239855, "y": 5.269372693726938}, "head": {"x": 456.6789667896679, "y": 254.68634686346866}, "rect": {"x": 0, "y": 0, "h": 280, "w": 476}}], "h": 333, "file": "imagenet_00792.jpg"}