{"w": 500, "species": "ALB", "selections": [{"tail": {"x": 475.029520295203, "y": 125.87822878228782}, "head": {"x": 9.188191881918819, "y": 139.66051660516607}, "rect": {"x": 2, "y": 127, "h": 193, "w": 498}}], "h": 375, "file": "imagenet_00794.jpg"}