{"w": 500, "species": "ALB", "selections": [{"tail": {"x": 444.61328790459964, "y": 111.56047700170357}, "head": {"x": 12.21465076660988, "y": 35.829642248722315}, "rect": {"x": 22, "y": 149, "h": 200, "w": 478}}], "h": 375, "file": "imagenet_00620.jpg"}