{"w": 500, "species": "ALB", "selections": [{"tail": {"x": 293.456561922366, "y": 29.69500924214418}, "head": {"x": 21.54343807763401, "y": 212.52310536044362}, "rect": {"x": 63, "y": 154, "h": 218, "w": 315}}], "h": 375, "file": "imagenet_00515.jpg"}