{"w": 375, "species": "ALB", "selections": [{"tail": {"x": 117.8892674616695, "y": 3.5417376490630326}, "head": {"x": 171.5212947189097, "y": 463.4616695059625}, "rect": {"x": 25, "y": 1, "h": 472, "w": 297}}], "h": 500, "file": "imagenet_00565.jpg"}