{"w": 500, "species": "ALB", "selections": [{"tail": {"x": 45.018450184501845, "y": 99.04059040590407}, "head": {"x": 466.39114391143914, "y": 221.49077490774908}, "rect": {"x": 12, "y": 10, "h": 263, "w": 488}}], "h": 334, "file": "imagenet_00824.jpg"}