{"w": 532, "species": "ALB", "selections": [{"tail": {"x": 47.60096735187424, "y": 218.6118500604595}, "head": {"x": 451.32769044740024, "y": 41.136638452237}, "rect": {"x": 45, "y": 89, "h": 289, "w": 486}}], "h": 476, "file": "imagenet_00899.jpg"}