{"w": 500, "species": "ALB", "selections": [{"tail": {"x": 66.30664395229984, "y": 138.56388415672913}, "head": {"x": 474.34752981260647, "y": 38.25383304940375}, "rect": {"x": 0, "y": 3, "h": 215, "w": 499}}], "h": 290, "file": "imagenet_00510.jpg"}