{"w": 295, "species": "ALB", "selections": [{"tail": {"x": 23.51848512173129, "y": 347.66456266907124}, "head": {"x": 142.8151487826871, "y": 34.76645626690712}, "rect": {"x": 94, "y": 90, "h": 378, "w": 180}}], "h": 500, "file": "imagenet_00809.jpg"}