{"w": 375, "species": "ALB", "selections": [{"tail": {"x": 86.77006311992785, "y": 59.59963931469792}, "head": {"x": 92.0288548241659, "y": 478.5500450856627}, "rect": {"x": 100, "y": 4, "h": 486, "w": 161}}], "h": 500, "file": "imagenet_00588.jpg"}