{"w": 500, "species": "ALB", "selections": [{"tail": {"x": 84.92988929889299, "y": 224.72324723247232}, "head": {"x": 55.79335793357934, "y": 30.376383763837637}, "rect": {"x": 158, "y": 98, "h": 235, "w": 168}}], "h": 333, "file": "imagenet_00831.jpg"}