{"w": 333, "species": "ALB", "selections": [{"tail": {"x": 66.22542831379621, "y": 49.66907123534716}, "head": {"x": 80.85662759242561, "y": 420.0694319206492}, "rect": {"x": 136, "y": 54, "h": 427, "w": 143}}], "h": 500, "file": "imagenet_00613.jpg"}