{"w": 500, "species": "ALB", "selections": [{"tail": {"x": 21.90689238210399, "y": 43.81378476420798}, "head": {"x": 273.2974607013301, "y": 21.18863361547763}, "rect": {"x": 91, "y": 135, "h": 72, "w": 297}}], "h": 311, "file": "imagenet_00764.jpg"}