{"w": 332, "species": "ALB", "selections": [{"tail": {"x": 68.65644724977457, "y": 36.15419296663661}, "head": {"x": 53.68349864743012, "y": 396.965734896303}, "rect": {"x": 7, "y": 71, "h": 405, "w": 99}}], "h": 500, "file": "imagenet_00545.jpg"}