{"w": 500, "species": "ALB", "selections": [{"tail": {"x": 56.537421100090164, "y": 503.38142470694316}, "head": {"x": 87.28584310189359, "y": 21.821460775473398}, "rect": {"x": 188, "y": 69, "h": 550, "w": 138}}], "h": 662, "file": "imagenet_00838.jpg"}