{"w": 500, "species": "ALB", "selections": [{"tail": {"x": 431.77876106194685, "y": 69.53097345132743}, "head": {"x": 20.601769911504423, "y": 51.504424778761056}, "rect": {"x": 10, "y": 44, "h": 118, "w": 485}}], "h": 290, "file": "imagenet_00542.jpg"}